id,split,pdf_path,template,difficulty,pagesize,skill_mode,skill_years_stated,scanned,contact_in_header_only,pages,fallback
TRAIN00001,train,cvs_pdf/TRAIN00001.pdf,classic_ats,easy,letter,bars,False,False,False,1,
TRAIN00002,train,cvs_pdf/TRAIN00002.pdf,classic_ats,easy,letter,plain,False,False,True,1,
TRAIN00003,train,cvs_pdf/TRAIN00003.pdf,classic_ats,easy,letter,plain,False,False,False,1,
TRAIN00004,train,cvs_pdf/TRAIN00004.pdf,two_column_balanced,scanned,letter,plain,False,True,False,1,
TRAIN00005,train,cvs_pdf/TRAIN00005.pdf,left_sidebar_dark,hard,letter,bullets,False,False,False,1,
TRAIN00006,train,cvs_pdf/TRAIN00006.pdf,left_sidebar_dark,hard,A4,years,True,False,False,1,
TRAIN00007,train,cvs_pdf/TRAIN00007.pdf,minimal_centered,medium,A4,bars,False,False,False,1,
TRAIN00008,train,cvs_pdf/TRAIN00008.pdf,compact_boxed,medium,letter,years,True,False,False,1,
TRAIN00009,train,cvs_pdf/TRAIN00009.pdf,modern_banner,easy,letter,years,True,False,False,1,
TRAIN00010,train,cvs_pdf/TRAIN00010.pdf,table_grid,hard,letter,categorised,False,False,False,1,
TRAIN00011,train,cvs_pdf/TRAIN00011.pdf,compact_boxed,medium,letter,years,True,False,False,1,
TRAIN00012,train,cvs_pdf/TRAIN00012.pdf,table_grid,hard,letter,years,True,False,False,1,
TRAIN00013,train,cvs_pdf/TRAIN00013.pdf,minimal_centered,medium,A4,plain,False,False,False,1,
TRAIN00014,train,cvs_pdf/TRAIN00014.pdf,compact_boxed,medium,A4,years,True,False,False,1,
TRAIN00015,train,cvs_pdf/TRAIN00015.pdf,academic_dense,medium,A4,table,False,False,False,2,
TRAIN00016,train,cvs_pdf/TRAIN00016.pdf,two_column_balanced,hard,A4,levels,False,False,False,1,
TRAIN00017,train,cvs_pdf/TRAIN00017.pdf,classic_ats,easy,letter,years,True,False,False,1,
TRAIN00018,train,cvs_pdf/TRAIN00018.pdf,modern_banner,easy,letter,bars,False,False,False,1,
TRAIN00019,train,cvs_pdf/TRAIN00019.pdf,classic_ats,easy,A4,years,True,False,True,1,
TRAIN00020,train,cvs_pdf/TRAIN00020.pdf,two_column_balanced,scanned,A4,years,True,True,False,1,
TRAIN00021,train,cvs_pdf/TRAIN00021.pdf,compact_boxed,medium,A4,bars,False,False,False,2,
TRAIN00022,train,cvs_pdf/TRAIN00022.pdf,academic_dense,medium,A4,years,True,False,False,1,
TRAIN00023,train,cvs_pdf/TRAIN00023.pdf,minimal_centered,medium,A4,table,False,False,False,2,
TRAIN00024,train,cvs_pdf/TRAIN00024.pdf,academic_dense,medium,A4,categorised,False,False,False,1,
TRAIN00025,train,cvs_pdf/TRAIN00025.pdf,two_column_balanced,hard,letter,years,True,False,True,1,
TRAIN00026,train,cvs_pdf/TRAIN00026.pdf,minimal_centered,medium,letter,levels,False,False,False,2,
TRAIN00027,train,cvs_pdf/TRAIN00027.pdf,two_column_balanced,hard,A4,categorised,False,False,False,1,
TRAIN00028,train,cvs_pdf/TRAIN00028.pdf,compact_boxed,medium,A4,categorised,False,False,False,1,
TRAIN00029,train,cvs_pdf/TRAIN00029.pdf,left_sidebar_dark,scanned,letter,years,True,True,False,1,
TRAIN00030,train,cvs_pdf/TRAIN00030.pdf,table_grid,hard,letter,categorised,False,False,False,1,
TRAIN00031,train,cvs_pdf/TRAIN00031.pdf,europass_style,hard,letter,years,True,False,False,1,
TRAIN00032,train,cvs_pdf/TRAIN00032.pdf,compact_boxed,medium,A4,categorised,False,False,False,1,
TRAIN00033,train,cvs_pdf/TRAIN00033.pdf,compact_boxed,medium,letter,years,True,False,False,1,
TRAIN00034,train,cvs_pdf/TRAIN00034.pdf,classic_ats,easy,A4,bars,False,False,False,2,
TRAIN00035,train,cvs_pdf/TRAIN00035.pdf,left_sidebar_dark,hard,A4,bars,False,False,False,1,
TRAIN00036,train,cvs_pdf/TRAIN00036.pdf,classic_ats,easy,A4,levels,False,False,False,2,
TRAIN00037,train,cvs_pdf/TRAIN00037.pdf,two_column_balanced,hard,A4,none,False,False,False,1,
TRAIN00038,train,cvs_pdf/TRAIN00038.pdf,left_sidebar_dark,hard,A4,bullets,False,False,False,1,
TRAIN00039,train,cvs_pdf/TRAIN00039.pdf,academic_dense,medium,letter,categorised,False,False,True,1,
TRAIN00040,train,cvs_pdf/TRAIN00040.pdf,classic_ats,easy,A4,plain,False,False,False,1,
TRAIN00041,train,cvs_pdf/TRAIN00041.pdf,left_sidebar_dark,hard,letter,years,True,False,True,1,
TRAIN00042,train,cvs_pdf/TRAIN00042.pdf,compact_boxed,medium,letter,plain,False,False,False,2,
TRAIN00043,train,cvs_pdf/TRAIN00043.pdf,table_grid,hard,letter,years,True,False,False,1,
TRAIN00044,train,cvs_pdf/TRAIN00044.pdf,academic_dense,medium,letter,plain,False,False,False,1,
TRAIN00045,train,cvs_pdf/TRAIN00045.pdf,compact_boxed,medium,letter,categorised,False,False,False,1,
TRAIN00046,train,cvs_pdf/TRAIN00046.pdf,academic_dense,medium,A4,bullets,False,False,False,1,
TRAIN00047,train,cvs_pdf/TRAIN00047.pdf,right_sidebar_light,hard,A4,bullets,False,False,False,1,
TRAIN00048,train,cvs_pdf/TRAIN00048.pdf,two_column_balanced,hard,letter,bars,False,False,False,1,
TRAIN00049,train,cvs_pdf/TRAIN00049.pdf,table_grid,hard,letter,bars,False,False,False,1,
TRAIN00050,train,cvs_pdf/TRAIN00050.pdf,table_grid,hard,A4,plain,False,False,False,1,
TRAIN00051,train,cvs_pdf/TRAIN00051.pdf,minimal_centered,scanned,letter,years,True,True,True,1,
TRAIN00052,train,cvs_pdf/TRAIN00052.pdf,left_sidebar_dark,hard,A4,categorised,False,False,True,1,
TRAIN00053,train,cvs_pdf/TRAIN00053.pdf,two_column_balanced,hard,letter,levels,False,False,False,1,
TRAIN00054,train,cvs_pdf/TRAIN00054.pdf,modern_banner,easy,A4,categorised,False,False,False,1,
TRAIN00055,train,cvs_pdf/TRAIN00055.pdf,modern_banner,easy,letter,bars,False,False,False,1,
TRAIN00056,train,cvs_pdf/TRAIN00056.pdf,two_column_balanced,hard,letter,bars,False,False,False,1,
TRAIN00057,train,cvs_pdf/TRAIN00057.pdf,right_sidebar_light,hard,A4,years,True,False,False,2,
TRAIN00058,train,cvs_pdf/TRAIN00058.pdf,table_grid,hard,letter,plain,False,False,True,1,
TRAIN00059,train,cvs_pdf/TRAIN00059.pdf,left_sidebar_dark,hard,letter,table,False,False,False,2,
TRAIN00060,train,cvs_pdf/TRAIN00060.pdf,minimal_centered,scanned,letter,years,True,True,False,1,
TRAIN00061,train,cvs_pdf/TRAIN00061.pdf,academic_dense,medium,letter,years,True,False,False,2,
TRAIN00062,train,cvs_pdf/TRAIN00062.pdf,two_column_balanced,hard,letter,plain,False,False,False,1,
TRAIN00063,train,cvs_pdf/TRAIN00063.pdf,classic_ats,easy,letter,table,False,False,False,2,
TRAIN00064,train,cvs_pdf/TRAIN00064.pdf,table_grid,hard,letter,bars,False,False,False,1,
TRAIN00065,train,cvs_pdf/TRAIN00065.pdf,compact_boxed,medium,A4,years,True,False,False,1,
TRAIN00066,train,cvs_pdf/TRAIN00066.pdf,table_grid,scanned,A4,bullets,False,True,False,1,
TRAIN00067,train,cvs_pdf/TRAIN00067.pdf,two_column_balanced,hard,letter,years,True,False,False,1,
TRAIN00068,train,cvs_pdf/TRAIN00068.pdf,classic_ats,easy,A4,plain,False,False,False,1,
TRAIN00069,train,cvs_pdf/TRAIN00069.pdf,right_sidebar_light,hard,letter,levels,False,False,True,1,
TRAIN00070,train,cvs_pdf/TRAIN00070.pdf,minimal_centered,medium,letter,table,False,False,False,2,
TRAIN00071,train,cvs_pdf/TRAIN00071.pdf,modern_banner,easy,letter,bullets,False,False,False,2,
TRAIN00072,train,cvs_pdf/TRAIN00072.pdf,two_column_balanced,hard,A4,bars,False,False,False,1,
TRAIN00073,train,cvs_pdf/TRAIN00073.pdf,modern_banner,easy,letter,levels,False,False,True,1,
TRAIN00074,train,cvs_pdf/TRAIN00074.pdf,minimal_centered,medium,letter,bullets,False,False,True,1,
TRAIN00075,train,cvs_pdf/TRAIN00075.pdf,classic_ats,easy,A4,bullets,False,False,False,1,
TRAIN00076,train,cvs_pdf/TRAIN00076.pdf,minimal_centered,medium,A4,categorised,False,False,False,1,
TRAIN00077,train,cvs_pdf/TRAIN00077.pdf,two_column_balanced,hard,A4,plain,False,False,False,1,
TRAIN00078,train,cvs_pdf/TRAIN00078.pdf,classic_ats,easy,A4,years,True,False,True,1,
TRAIN00079,train,cvs_pdf/TRAIN00079.pdf,modern_banner,easy,letter,plain,False,False,False,2,
TRAIN00080,train,cvs_pdf/TRAIN00080.pdf,table_grid,hard,letter,categorised,False,False,False,1,
TRAIN00081,train,cvs_pdf/TRAIN00081.pdf,minimal_centered,scanned,A4,years,True,True,False,1,
TRAIN00082,train,cvs_pdf/TRAIN00082.pdf,minimal_centered,medium,letter,plain,False,False,False,1,
TRAIN00083,train,cvs_pdf/TRAIN00083.pdf,classic_ats,easy,letter,bars,False,False,False,1,
TRAIN00084,train,cvs_pdf/TRAIN00084.pdf,classic_ats,easy,letter,years,True,False,False,1,
TRAIN00085,train,cvs_pdf/TRAIN00085.pdf,two_column_balanced,hard,letter,categorised,False,False,False,1,
TRAIN00086,train,cvs_pdf/TRAIN00086.pdf,right_sidebar_light,hard,A4,table,False,False,False,1,
TRAIN00087,train,cvs_pdf/TRAIN00087.pdf,table_grid,hard,A4,table,False,False,False,2,
TRAIN00088,train,cvs_pdf/TRAIN00088.pdf,modern_banner,easy,letter,years,True,False,True,1,
TRAIN00089,train,cvs_pdf/TRAIN00089.pdf,classic_ats,easy,letter,bullets,False,False,False,2,
TRAIN00090,train,cvs_pdf/TRAIN00090.pdf,two_column_balanced,hard,A4,years,True,False,True,1,
TRAIN00091,train,cvs_pdf/TRAIN00091.pdf,table_grid,hard,letter,years,True,False,True,1,
TRAIN00092,train,cvs_pdf/TRAIN00092.pdf,two_column_balanced,hard,letter,bullets,False,False,False,1,
TRAIN00093,train,cvs_pdf/TRAIN00093.pdf,left_sidebar_dark,hard,letter,table,False,False,False,1,
TRAIN00094,train,cvs_pdf/TRAIN00094.pdf,academic_dense,medium,letter,table,False,False,False,1,
TRAIN00095,train,cvs_pdf/TRAIN00095.pdf,table_grid,hard,letter,categorised,False,False,False,1,
TRAIN00096,train,cvs_pdf/TRAIN00096.pdf,modern_banner,easy,letter,table,False,False,True,1,
TRAIN00097,train,cvs_pdf/TRAIN00097.pdf,table_grid,hard,letter,table,False,False,False,1,
TRAIN00098,train,cvs_pdf/TRAIN00098.pdf,left_sidebar_dark,hard,letter,years,True,False,False,1,
TRAIN00099,train,cvs_pdf/TRAIN00099.pdf,minimal_centered,medium,A4,bullets,False,False,False,2,
TRAIN00100,train,cvs_pdf/TRAIN00100.pdf,right_sidebar_light,hard,letter,table,False,False,False,1,
TRAIN00101,train,cvs_pdf/TRAIN00101.pdf,modern_banner,easy,A4,bars,False,False,False,1,
TRAIN00102,train,cvs_pdf/TRAIN00102.pdf,modern_banner,easy,letter,table,False,False,False,1,
TRAIN00103,train,cvs_pdf/TRAIN00103.pdf,two_column_balanced,hard,letter,years,True,False,False,1,
TRAIN00104,train,cvs_pdf/TRAIN00104.pdf,europass_style,hard,letter,categorised,False,False,False,1,
TRAIN00105,train,cvs_pdf/TRAIN00105.pdf,academic_dense,medium,letter,none,False,False,False,1,
TRAIN00106,train,cvs_pdf/TRAIN00106.pdf,minimal_centered,medium,letter,years,True,False,False,1,
TRAIN00107,train,cvs_pdf/TRAIN00107.pdf,minimal_centered,scanned,letter,table,False,True,True,1,
TRAIN00108,train,cvs_pdf/TRAIN00108.pdf,table_grid,hard,letter,table,False,False,False,1,
TRAIN00109,train,cvs_pdf/TRAIN00109.pdf,classic_ats,easy,A4,levels,False,False,False,1,
TRAIN00110,train,cvs_pdf/TRAIN00110.pdf,compact_boxed,medium,letter,none,False,False,False,1,
TRAIN00111,train,cvs_pdf/TRAIN00111.pdf,classic_ats,easy,letter,categorised,False,False,False,1,
TRAIN00112,train,cvs_pdf/TRAIN00112.pdf,modern_banner,easy,letter,bullets,False,False,False,1,
TRAIN00113,train,cvs_pdf/TRAIN00113.pdf,classic_ats,easy,letter,years,True,False,False,1,
TRAIN00114,train,cvs_pdf/TRAIN00114.pdf,two_column_balanced,hard,letter,levels,False,False,False,1,
TRAIN00115,train,cvs_pdf/TRAIN00115.pdf,table_grid,hard,letter,bars,False,False,False,1,
TRAIN00116,train,cvs_pdf/TRAIN00116.pdf,two_column_balanced,hard,A4,categorised,False,False,False,1,
TRAIN00117,train,cvs_pdf/TRAIN00117.pdf,minimal_centered,medium,A4,years,True,False,False,1,
TRAIN00118,train,cvs_pdf/TRAIN00118.pdf,minimal_centered,medium,A4,bars,False,False,False,2,
TRAIN00119,train,cvs_pdf/TRAIN00119.pdf,two_column_balanced,hard,A4,table,False,False,True,1,
TRAIN00120,train,cvs_pdf/TRAIN00120.pdf,classic_ats,easy,A4,categorised,False,False,False,1,
TRAIN00121,train,cvs_pdf/TRAIN00121.pdf,minimal_centered,medium,A4,categorised,False,False,False,1,
TRAIN00122,train,cvs_pdf/TRAIN00122.pdf,compact_boxed,medium,letter,levels,False,False,True,1,
TRAIN00123,train,cvs_pdf/TRAIN00123.pdf,modern_banner,easy,letter,years,True,False,False,2,
TRAIN00124,train,cvs_pdf/TRAIN00124.pdf,academic_dense,medium,letter,categorised,False,False,False,1,
TRAIN00125,train,cvs_pdf/TRAIN00125.pdf,modern_banner,easy,A4,plain,False,False,False,1,
TRAIN00126,train,cvs_pdf/TRAIN00126.pdf,modern_banner,easy,letter,bars,False,False,False,1,
TRAIN00127,train,cvs_pdf/TRAIN00127.pdf,minimal_centered,medium,A4,levels,False,False,False,1,
TRAIN00128,train,cvs_pdf/TRAIN00128.pdf,classic_ats,easy,letter,bullets,False,False,False,1,
TRAIN00129,train,cvs_pdf/TRAIN00129.pdf,academic_dense,medium,A4,plain,False,False,False,1,
TRAIN00130,train,cvs_pdf/TRAIN00130.pdf,table_grid,hard,letter,bars,False,False,False,1,
TRAIN00131,train,cvs_pdf/TRAIN00131.pdf,two_column_balanced,hard,A4,years,True,False,False,1,
TRAIN00132,train,cvs_pdf/TRAIN00132.pdf,classic_ats,easy,letter,table,False,False,False,2,
TRAIN00133,train,cvs_pdf/TRAIN00133.pdf,modern_banner,scanned,letter,bullets,False,True,False,1,
TRAIN00134,train,cvs_pdf/TRAIN00134.pdf,table_grid,hard,A4,levels,False,False,False,1,
TRAIN00135,train,cvs_pdf/TRAIN00135.pdf,right_sidebar_light,hard,A4,bullets,False,False,False,1,
TRAIN00136,train,cvs_pdf/TRAIN00136.pdf,two_column_balanced,scanned,letter,categorised,False,True,False,1,
TRAIN00137,train,cvs_pdf/TRAIN00137.pdf,two_column_balanced,hard,letter,levels,False,False,False,1,
TRAIN00138,train,cvs_pdf/TRAIN00138.pdf,two_column_balanced,hard,A4,levels,False,False,False,1,
TRAIN00139,train,cvs_pdf/TRAIN00139.pdf,compact_boxed,medium,A4,table,False,False,False,1,
TRAIN00140,train,cvs_pdf/TRAIN00140.pdf,classic_ats,easy,letter,table,False,False,False,2,
TRAIN00141,train,cvs_pdf/TRAIN00141.pdf,classic_ats,easy,letter,years,True,False,False,1,
TRAIN00142,train,cvs_pdf/TRAIN00142.pdf,minimal_centered,medium,letter,categorised,False,False,False,2,
TRAIN00143,train,cvs_pdf/TRAIN00143.pdf,left_sidebar_dark,hard,A4,plain,False,False,False,1,
TRAIN00144,train,cvs_pdf/TRAIN00144.pdf,modern_banner,easy,A4,plain,False,False,False,1,
TRAIN00145,train,cvs_pdf/TRAIN00145.pdf,two_column_balanced,hard,letter,bullets,False,False,False,1,
TRAIN00146,train,cvs_pdf/TRAIN00146.pdf,compact_boxed,medium,letter,plain,False,False,False,2,
TRAIN00147,train,cvs_pdf/TRAIN00147.pdf,europass_style,hard,letter,table,False,False,False,1,
TRAIN00148,train,cvs_pdf/TRAIN00148.pdf,classic_ats,easy,A4,bullets,False,False,True,1,
TRAIN00149,train,cvs_pdf/TRAIN00149.pdf,left_sidebar_dark,hard,letter,bullets,False,False,False,1,
TRAIN00150,train,cvs_pdf/TRAIN00150.pdf,academic_dense,medium,A4,categorised,False,False,True,1,
TRAIN00151,train,cvs_pdf/TRAIN00151.pdf,table_grid,hard,letter,bullets,False,False,False,1,
TRAIN00152,train,cvs_pdf/TRAIN00152.pdf,left_sidebar_dark,hard,letter,years,True,False,False,1,
TRAIN00153,train,cvs_pdf/TRAIN00153.pdf,two_column_balanced,hard,A4,years,True,False,True,1,
TRAIN00154,train,cvs_pdf/TRAIN00154.pdf,compact_boxed,medium,letter,bullets,False,False,False,2,
TRAIN00155,train,cvs_pdf/TRAIN00155.pdf,classic_ats,easy,letter,plain,False,False,False,1,
TRAIN00156,train,cvs_pdf/TRAIN00156.pdf,two_column_balanced,hard,letter,years,True,False,False,1,
TRAIN00157,train,cvs_pdf/TRAIN00157.pdf,two_column_balanced,hard,letter,categorised,False,False,False,1,
TRAIN00158,train,cvs_pdf/TRAIN00158.pdf,two_column_balanced,hard,letter,years,True,False,True,1,
TRAIN00159,train,cvs_pdf/TRAIN00159.pdf,compact_boxed,medium,letter,categorised,False,False,True,1,
TRAIN00160,train,cvs_pdf/TRAIN00160.pdf,table_grid,hard,A4,bars,False,False,False,1,
TRAIN00161,train,cvs_pdf/TRAIN00161.pdf,right_sidebar_light,hard,A4,years,True,False,False,1,
TRAIN00162,train,cvs_pdf/TRAIN00162.pdf,table_grid,hard,letter,bullets,False,False,False,1,
TRAIN00163,train,cvs_pdf/TRAIN00163.pdf,table_grid,hard,letter,levels,False,False,False,2,
TRAIN00164,train,cvs_pdf/TRAIN00164.pdf,table_grid,hard,A4,categorised,False,False,False,1,
TRAIN00165,train,cvs_pdf/TRAIN00165.pdf,compact_boxed,medium,A4,years,True,False,False,1,
TRAIN00166,train,cvs_pdf/TRAIN00166.pdf,modern_banner,easy,letter,categorised,False,False,True,2,
TRAIN00167,train,cvs_pdf/TRAIN00167.pdf,two_column_balanced,hard,A4,bullets,False,False,False,1,
TRAIN00168,train,cvs_pdf/TRAIN00168.pdf,europass_style,hard,A4,years,True,False,False,1,
TRAIN00169,train,cvs_pdf/TRAIN00169.pdf,modern_banner,easy,letter,categorised,False,False,False,2,
TRAIN00170,train,cvs_pdf/TRAIN00170.pdf,two_column_balanced,hard,letter,bars,False,False,False,1,
TRAIN00171,train,cvs_pdf/TRAIN00171.pdf,europass_style,hard,A4,table,False,False,False,1,
TRAIN00172,train,cvs_pdf/TRAIN00172.pdf,two_column_balanced,hard,letter,bullets,False,False,False,1,
TRAIN00173,train,cvs_pdf/TRAIN00173.pdf,compact_boxed,medium,letter,bullets,False,False,False,1,
TRAIN00174,train,cvs_pdf/TRAIN00174.pdf,compact_boxed,medium,letter,levels,False,False,False,1,
TRAIN00175,train,cvs_pdf/TRAIN00175.pdf,modern_banner,easy,letter,years,True,False,False,1,
TRAIN00176,train,cvs_pdf/TRAIN00176.pdf,compact_boxed,medium,A4,categorised,False,False,False,1,
TRAIN00177,train,cvs_pdf/TRAIN00177.pdf,modern_banner,easy,letter,categorised,False,False,False,1,
TRAIN00178,train,cvs_pdf/TRAIN00178.pdf,right_sidebar_light,hard,letter,categorised,False,False,False,1,
TRAIN00179,train,cvs_pdf/TRAIN00179.pdf,minimal_centered,medium,A4,bars,False,False,True,1,
TRAIN00180,train,cvs_pdf/TRAIN00180.pdf,modern_banner,easy,letter,categorised,False,False,False,1,
TRAIN00181,train,cvs_pdf/TRAIN00181.pdf,table_grid,hard,A4,years,True,False,False,1,
TRAIN00182,train,cvs_pdf/TRAIN00182.pdf,classic_ats,easy,A4,bars,False,False,True,1,
TRAIN00183,train,cvs_pdf/TRAIN00183.pdf,minimal_centered,medium,letter,levels,False,False,True,1,
TRAIN00184,train,cvs_pdf/TRAIN00184.pdf,modern_banner,easy,letter,bullets,False,False,False,1,
TRAIN00185,train,cvs_pdf/TRAIN00185.pdf,compact_boxed,medium,A4,categorised,False,False,False,1,
TRAIN00186,train,cvs_pdf/TRAIN00186.pdf,two_column_balanced,hard,letter,categorised,False,False,False,1,
TRAIN00187,train,cvs_pdf/TRAIN00187.pdf,compact_boxed,medium,letter,bullets,False,False,False,2,
TRAIN00188,train,cvs_pdf/TRAIN00188.pdf,compact_boxed,medium,letter,categorised,False,False,False,1,
TRAIN00189,train,cvs_pdf/TRAIN00189.pdf,left_sidebar_dark,hard,letter,years,True,False,False,1,
TRAIN00190,train,cvs_pdf/TRAIN00190.pdf,minimal_centered,medium,letter,years,True,False,False,1,
TRAIN00191,train,cvs_pdf/TRAIN00191.pdf,right_sidebar_light,hard,letter,table,False,False,False,1,
TRAIN00192,train,cvs_pdf/TRAIN00192.pdf,minimal_centered,medium,letter,bars,False,False,False,1,
TRAIN00193,train,cvs_pdf/TRAIN00193.pdf,academic_dense,medium,letter,categorised,False,False,True,1,
TRAIN00194,train,cvs_pdf/TRAIN00194.pdf,modern_banner,easy,letter,table,False,False,False,1,
TRAIN00195,train,cvs_pdf/TRAIN00195.pdf,classic_ats,easy,letter,plain,False,False,False,1,
TRAIN00196,train,cvs_pdf/TRAIN00196.pdf,compact_boxed,medium,A4,bars,False,False,False,2,
TRAIN00197,train,cvs_pdf/TRAIN00197.pdf,compact_boxed,medium,A4,plain,False,False,False,1,
TRAIN00198,train,cvs_pdf/TRAIN00198.pdf,two_column_balanced,scanned,letter,levels,False,True,False,1,
TRAIN00199,train,cvs_pdf/TRAIN00199.pdf,modern_banner,easy,letter,table,False,False,False,1,
TRAIN00200,train,cvs_pdf/TRAIN00200.pdf,minimal_centered,medium,A4,table,False,False,False,1,
TRAIN00201,train,cvs_pdf/TRAIN00201.pdf,table_grid,hard,A4,table,False,False,False,1,
TRAIN00202,train,cvs_pdf/TRAIN00202.pdf,two_column_balanced,hard,A4,categorised,False,False,False,1,
TRAIN00203,train,cvs_pdf/TRAIN00203.pdf,academic_dense,medium,letter,plain,False,False,False,1,
TRAIN00204,train,cvs_pdf/TRAIN00204.pdf,modern_banner,easy,A4,bullets,False,False,False,1,
TRAIN00205,train,cvs_pdf/TRAIN00205.pdf,academic_dense,medium,A4,plain,False,False,True,1,
TRAIN00206,train,cvs_pdf/TRAIN00206.pdf,two_column_balanced,hard,letter,bullets,False,False,False,1,
TRAIN00207,train,cvs_pdf/TRAIN00207.pdf,classic_ats,easy,letter,plain,False,False,False,1,
TRAIN00208,train,cvs_pdf/TRAIN00208.pdf,classic_ats,easy,letter,table,False,False,False,1,
TRAIN00209,train,cvs_pdf/TRAIN00209.pdf,classic_ats,easy,letter,bullets,False,False,False,2,
TRAIN00210,train,cvs_pdf/TRAIN00210.pdf,modern_banner,easy,letter,bullets,False,False,False,1,
TRAIN00211,train,cvs_pdf/TRAIN00211.pdf,compact_boxed,medium,A4,years,True,False,False,1,
TRAIN00212,train,cvs_pdf/TRAIN00212.pdf,modern_banner,easy,letter,plain,False,False,False,1,
TRAIN00213,train,cvs_pdf/TRAIN00213.pdf,minimal_centered,medium,A4,bars,False,False,False,1,
TRAIN00214,train,cvs_pdf/TRAIN00214.pdf,minimal_centered,medium,letter,table,False,False,False,1,
TRAIN00215,train,cvs_pdf/TRAIN00215.pdf,minimal_centered,medium,A4,bullets,False,False,False,1,
TRAIN00216,train,cvs_pdf/TRAIN00216.pdf,table_grid,hard,letter,categorised,False,False,False,1,
TRAIN00217,train,cvs_pdf/TRAIN00217.pdf,minimal_centered,medium,letter,categorised,False,False,False,1,
TRAIN00218,train,cvs_pdf/TRAIN00218.pdf,table_grid,hard,A4,bars,False,False,False,2,
TRAIN00219,train,cvs_pdf/TRAIN00219.pdf,compact_boxed,medium,letter,plain,False,False,False,1,
TRAIN00220,train,cvs_pdf/TRAIN00220.pdf,europass_style,hard,A4,table,False,False,False,1,
TRAIN00221,train,cvs_pdf/TRAIN00221.pdf,classic_ats,easy,A4,table,False,False,False,1,
TRAIN00222,train,cvs_pdf/TRAIN00222.pdf,table_grid,hard,A4,bars,False,False,False,1,
TRAIN00223,train,cvs_pdf/TRAIN00223.pdf,right_sidebar_light,scanned,letter,levels,False,True,True,1,
TRAIN00224,train,cvs_pdf/TRAIN00224.pdf,two_column_balanced,hard,letter,bullets,False,False,True,1,
TRAIN00225,train,cvs_pdf/TRAIN00225.pdf,two_column_balanced,hard,letter,years,True,False,False,1,
TRAIN00226,train,cvs_pdf/TRAIN00226.pdf,modern_banner,easy,letter,bullets,False,False,False,1,
TRAIN00227,train,cvs_pdf/TRAIN00227.pdf,modern_banner,easy,A4,plain,False,False,False,1,
TRAIN00228,train,cvs_pdf/TRAIN00228.pdf,right_sidebar_light,scanned,letter,bars,False,True,False,1,
TRAIN00229,train,cvs_pdf/TRAIN00229.pdf,academic_dense,medium,A4,table,False,False,False,2,
TRAIN00230,train,cvs_pdf/TRAIN00230.pdf,table_grid,hard,letter,bars,False,False,False,2,
TRAIN00231,train,cvs_pdf/TRAIN00231.pdf,table_grid,hard,letter,years,True,False,False,1,
TRAIN00232,train,cvs_pdf/TRAIN00232.pdf,compact_boxed,medium,A4,table,False,False,False,2,
TRAIN00233,train,cvs_pdf/TRAIN00233.pdf,table_grid,hard,letter,categorised,False,False,False,1,
TRAIN00234,train,cvs_pdf/TRAIN00234.pdf,right_sidebar_light,hard,A4,plain,False,False,False,2,
TRAIN00235,train,cvs_pdf/TRAIN00235.pdf,two_column_balanced,hard,letter,categorised,False,False,True,1,
TRAIN00236,train,cvs_pdf/TRAIN00236.pdf,europass_style,hard,letter,categorised,False,False,False,1,
TRAIN00237,train,cvs_pdf/TRAIN00237.pdf,compact_boxed,medium,letter,bars,False,False,False,1,
TRAIN00238,train,cvs_pdf/TRAIN00238.pdf,modern_banner,easy,letter,years,True,False,False,1,
TRAIN00239,train,cvs_pdf/TRAIN00239.pdf,right_sidebar_light,hard,A4,categorised,False,False,False,1,
TRAIN00240,train,cvs_pdf/TRAIN00240.pdf,table_grid,hard,letter,plain,False,False,False,1,
TRAIN00241,train,cvs_pdf/TRAIN00241.pdf,left_sidebar_dark,hard,A4,bars,False,False,False,1,
TRAIN00242,train,cvs_pdf/TRAIN00242.pdf,right_sidebar_light,hard,letter,years,True,False,False,1,
TRAIN00243,train,cvs_pdf/TRAIN00243.pdf,modern_banner,easy,A4,table,False,False,False,1,
TRAIN00244,train,cvs_pdf/TRAIN00244.pdf,compact_boxed,medium,letter,plain,False,False,False,1,
TRAIN00245,train,cvs_pdf/TRAIN00245.pdf,modern_banner,easy,letter,levels,False,False,False,1,
TRAIN00246,train,cvs_pdf/TRAIN00246.pdf,classic_ats,easy,letter,categorised,False,False,False,1,
TRAIN00247,train,cvs_pdf/TRAIN00247.pdf,two_column_balanced,hard,letter,table,False,False,False,1,
TRAIN00248,train,cvs_pdf/TRAIN00248.pdf,modern_banner,easy,letter,plain,False,False,True,2,
TRAIN00249,train,cvs_pdf/TRAIN00249.pdf,classic_ats,easy,A4,years,True,False,False,1,
TRAIN00250,train,cvs_pdf/TRAIN00250.pdf,table_grid,hard,A4,bullets,False,False,False,2,
TRAIN00251,train,cvs_pdf/TRAIN00251.pdf,modern_banner,easy,A4,bullets,False,False,False,1,
TRAIN00252,train,cvs_pdf/TRAIN00252.pdf,right_sidebar_light,hard,letter,table,False,False,False,2,
TRAIN00253,train,cvs_pdf/TRAIN00253.pdf,academic_dense,medium,letter,bullets,False,False,False,1,
TRAIN00254,train,cvs_pdf/TRAIN00254.pdf,classic_ats,easy,A4,table,False,False,False,1,
TRAIN00255,train,cvs_pdf/TRAIN00255.pdf,compact_boxed,medium,letter,years,True,False,False,1,
TRAIN00256,train,cvs_pdf/TRAIN00256.pdf,minimal_centered,medium,A4,table,False,False,False,2,
TRAIN00257,train,cvs_pdf/TRAIN00257.pdf,right_sidebar_light,hard,A4,categorised,False,False,False,1,
TRAIN00258,train,cvs_pdf/TRAIN00258.pdf,compact_boxed,medium,A4,plain,False,False,False,1,
TRAIN00259,train,cvs_pdf/TRAIN00259.pdf,right_sidebar_light,hard,A4,categorised,False,False,False,1,
TRAIN00260,train,cvs_pdf/TRAIN00260.pdf,minimal_centered,medium,letter,bullets,False,False,False,2,
TRAIN00261,train,cvs_pdf/TRAIN00261.pdf,minimal_centered,medium,A4,categorised,False,False,True,1,
TRAIN00262,train,cvs_pdf/TRAIN00262.pdf,classic_ats,easy,A4,categorised,False,False,False,2,
TRAIN00263,train,cvs_pdf/TRAIN00263.pdf,left_sidebar_dark,hard,letter,table,False,False,False,1,
TRAIN00264,train,cvs_pdf/TRAIN00264.pdf,europass_style,hard,letter,years,True,False,False,1,
TRAIN00265,train,cvs_pdf/TRAIN00265.pdf,minimal_centered,medium,letter,table,False,False,False,1,
TRAIN00266,train,cvs_pdf/TRAIN00266.pdf,table_grid,hard,letter,bullets,False,False,False,2,
TRAIN00267,train,cvs_pdf/TRAIN00267.pdf,right_sidebar_light,scanned,letter,levels,False,True,False,1,
TRAIN00268,train,cvs_pdf/TRAIN00268.pdf,modern_banner,easy,A4,bullets,False,False,False,1,
TRAIN00269,train,cvs_pdf/TRAIN00269.pdf,classic_ats,easy,letter,years,True,False,False,1,
TRAIN00270,train,cvs_pdf/TRAIN00270.pdf,classic_ats,easy,letter,table,False,False,True,2,
TRAIN00271,train,cvs_pdf/TRAIN00271.pdf,classic_ats,easy,letter,bars,False,False,True,1,
TRAIN00272,train,cvs_pdf/TRAIN00272.pdf,modern_banner,easy,letter,categorised,False,False,True,1,
TRAIN00273,train,cvs_pdf/TRAIN00273.pdf,compact_boxed,medium,A4,bars,False,False,False,1,
TRAIN00274,train,cvs_pdf/TRAIN00274.pdf,compact_boxed,medium,letter,years,True,False,False,1,
TRAIN00275,train,cvs_pdf/TRAIN00275.pdf,classic_ats,easy,letter,plain,False,False,False,1,
TRAIN00276,train,cvs_pdf/TRAIN00276.pdf,modern_banner,easy,A4,bars,False,False,False,1,
TRAIN00277,train,cvs_pdf/TRAIN00277.pdf,right_sidebar_light,hard,letter,table,False,False,True,1,
TRAIN00278,train,cvs_pdf/TRAIN00278.pdf,minimal_centered,medium,A4,years,True,False,False,1,
TRAIN00279,train,cvs_pdf/TRAIN00279.pdf,modern_banner,easy,letter,table,False,False,False,2,
TRAIN00280,train,cvs_pdf/TRAIN00280.pdf,minimal_centered,medium,A4,categorised,False,False,False,1,
TRAIN00281,train,cvs_pdf/TRAIN00281.pdf,minimal_centered,medium,A4,bars,False,False,False,1,
TRAIN00282,train,cvs_pdf/TRAIN00282.pdf,two_column_balanced,hard,letter,bullets,False,False,False,1,
TRAIN00283,train,cvs_pdf/TRAIN00283.pdf,modern_banner,easy,A4,levels,False,False,False,1,
TRAIN00284,train,cvs_pdf/TRAIN00284.pdf,classic_ats,easy,letter,plain,False,False,True,1,
TRAIN00285,train,cvs_pdf/TRAIN00285.pdf,minimal_centered,medium,letter,categorised,False,False,False,2,
TRAIN00286,train,cvs_pdf/TRAIN00286.pdf,academic_dense,medium,A4,plain,False,False,False,1,
TRAIN00287,train,cvs_pdf/TRAIN00287.pdf,classic_ats,easy,A4,table,False,False,False,1,
TRAIN00288,train,cvs_pdf/TRAIN00288.pdf,left_sidebar_dark,hard,letter,categorised,False,False,False,1,
TRAIN00289,train,cvs_pdf/TRAIN00289.pdf,classic_ats,easy,A4,years,True,False,True,1,
TRAIN00290,train,cvs_pdf/TRAIN00290.pdf,classic_ats,easy,letter,categorised,False,False,False,1,
TRAIN00291,train,cvs_pdf/TRAIN00291.pdf,academic_dense,medium,letter,levels,False,False,False,1,
TRAIN00292,train,cvs_pdf/TRAIN00292.pdf,table_grid,hard,letter,plain,False,False,False,1,
TRAIN00293,train,cvs_pdf/TRAIN00293.pdf,classic_ats,easy,letter,table,False,False,False,2,
TRAIN00294,train,cvs_pdf/TRAIN00294.pdf,minimal_centered,medium,letter,categorised,False,False,False,2,
TRAIN00295,train,cvs_pdf/TRAIN00295.pdf,academic_dense,medium,A4,plain,False,False,False,1,
TRAIN00296,train,cvs_pdf/TRAIN00296.pdf,classic_ats,easy,letter,levels,False,False,False,2,
TRAIN00297,train,cvs_pdf/TRAIN00297.pdf,minimal_centered,medium,letter,bullets,False,False,False,1,
TRAIN00298,train,cvs_pdf/TRAIN00298.pdf,modern_banner,easy,letter,bars,False,False,False,1,
TRAIN00299,train,cvs_pdf/TRAIN00299.pdf,two_column_balanced,hard,letter,categorised,False,False,False,1,
TRAIN00300,train,cvs_pdf/TRAIN00300.pdf,left_sidebar_dark,hard,A4,levels,False,False,False,2,
TRAIN00301,train,cvs_pdf/TRAIN00301.pdf,classic_ats,easy,letter,categorised,False,False,False,1,
TRAIN00302,train,cvs_pdf/TRAIN00302.pdf,classic_ats,easy,A4,bars,False,False,False,1,
TRAIN00303,train,cvs_pdf/TRAIN00303.pdf,minimal_centered,medium,A4,bars,False,False,False,1,
TRAIN00304,train,cvs_pdf/TRAIN00304.pdf,compact_boxed,medium,letter,years,True,False,False,1,
TRAIN00305,train,cvs_pdf/TRAIN00305.pdf,compact_boxed,medium,letter,years,True,False,False,1,
TRAIN00306,train,cvs_pdf/TRAIN00306.pdf,left_sidebar_dark,hard,letter,bars,False,False,False,1,
TRAIN00307,train,cvs_pdf/TRAIN00307.pdf,left_sidebar_dark,hard,A4,years,True,False,False,1,
TRAIN00308,train,cvs_pdf/TRAIN00308.pdf,two_column_balanced,hard,A4,table,False,False,True,1,
TRAIN00309,train,cvs_pdf/TRAIN00309.pdf,right_sidebar_light,hard,letter,years,True,False,False,1,
TRAIN00310,train,cvs_pdf/TRAIN00310.pdf,compact_boxed,medium,A4,bullets,False,False,False,2,
TRAIN00311,train,cvs_pdf/TRAIN00311.pdf,minimal_centered,medium,A4,bars,False,False,False,2,
TRAIN00312,train,cvs_pdf/TRAIN00312.pdf,europass_style,hard,letter,bars,False,False,False,1,
TRAIN00313,train,cvs_pdf/TRAIN00313.pdf,right_sidebar_light,hard,letter,bars,False,False,False,1,
TRAIN00314,train,cvs_pdf/TRAIN00314.pdf,table_grid,hard,A4,years,True,False,False,2,
TRAIN00315,train,cvs_pdf/TRAIN00315.pdf,classic_ats,easy,letter,categorised,False,False,False,1,
TRAIN00316,train,cvs_pdf/TRAIN00316.pdf,academic_dense,medium,letter,plain,False,False,False,1,
TRAIN00317,train,cvs_pdf/TRAIN00317.pdf,academic_dense,medium,A4,categorised,False,False,False,2,
TRAIN00318,train,cvs_pdf/TRAIN00318.pdf,academic_dense,medium,letter,plain,False,False,False,2,
TRAIN00319,train,cvs_pdf/TRAIN00319.pdf,academic_dense,medium,letter,bullets,False,False,True,1,
TRAIN00320,train,cvs_pdf/TRAIN00320.pdf,europass_style,hard,A4,table,False,False,False,1,
TRAIN00321,train,cvs_pdf/TRAIN00321.pdf,two_column_balanced,hard,letter,years,True,False,False,1,
TRAIN00322,train,cvs_pdf/TRAIN00322.pdf,modern_banner,easy,A4,years,True,False,False,1,
TRAIN00323,train,cvs_pdf/TRAIN00323.pdf,modern_banner,easy,letter,levels,False,False,True,1,
TRAIN00324,train,cvs_pdf/TRAIN00324.pdf,left_sidebar_dark,hard,A4,bullets,False,False,False,1,
TRAIN00325,train,cvs_pdf/TRAIN00325.pdf,classic_ats,easy,A4,years,True,False,False,1,
TRAIN00326,train,cvs_pdf/TRAIN00326.pdf,minimal_centered,medium,A4,categorised,False,False,False,1,
TRAIN00327,train,cvs_pdf/TRAIN00327.pdf,classic_ats,easy,letter,categorised,False,False,False,2,
TRAIN00328,train,cvs_pdf/TRAIN00328.pdf,academic_dense,medium,letter,table,False,False,False,1,
TRAIN00329,train,cvs_pdf/TRAIN00329.pdf,compact_boxed,medium,A4,categorised,False,False,False,1,
TRAIN00330,train,cvs_pdf/TRAIN00330.pdf,right_sidebar_light,hard,letter,levels,False,False,False,1,
TRAIN00331,train,cvs_pdf/TRAIN00331.pdf,two_column_balanced,hard,letter,table,False,False,False,1,
TRAIN00332,train,cvs_pdf/TRAIN00332.pdf,academic_dense,medium,letter,table,False,False,False,2,
TRAIN00333,train,cvs_pdf/TRAIN00333.pdf,academic_dense,medium,letter,bars,False,False,False,2,
TRAIN00334,train,cvs_pdf/TRAIN00334.pdf,two_column_balanced,hard,letter,bullets,False,False,False,1,
TRAIN00335,train,cvs_pdf/TRAIN00335.pdf,academic_dense,medium,A4,categorised,False,False,True,1,
TRAIN00336,train,cvs_pdf/TRAIN00336.pdf,table_grid,hard,A4,years,True,False,False,1,
TRAIN00337,train,cvs_pdf/TRAIN00337.pdf,classic_ats,easy,letter,years,True,False,False,1,
TRAIN00338,train,cvs_pdf/TRAIN00338.pdf,table_grid,hard,letter,years,True,False,False,2,
TRAIN00339,train,cvs_pdf/TRAIN00339.pdf,left_sidebar_dark,hard,letter,bullets,False,False,True,1,
TRAIN00340,train,cvs_pdf/TRAIN00340.pdf,left_sidebar_dark,hard,letter,years,True,False,False,1,
TRAIN00341,train,cvs_pdf/TRAIN00341.pdf,right_sidebar_light,hard,A4,bullets,False,False,False,2,
TRAIN00342,train,cvs_pdf/TRAIN00342.pdf,classic_ats,easy,A4,categorised,False,False,True,1,
TRAIN00343,train,cvs_pdf/TRAIN00343.pdf,classic_ats,easy,letter,bullets,False,False,False,2,
TRAIN00344,train,cvs_pdf/TRAIN00344.pdf,two_column_balanced,hard,letter,levels,False,False,False,1,
TRAIN00345,train,cvs_pdf/TRAIN00345.pdf,table_grid,hard,letter,table,False,False,False,2,
TRAIN00346,train,cvs_pdf/TRAIN00346.pdf,minimal_centered,scanned,A4,categorised,False,True,False,1,
TRAIN00347,train,cvs_pdf/TRAIN00347.pdf,modern_banner,easy,A4,levels,False,False,False,1,
TRAIN00348,train,cvs_pdf/TRAIN00348.pdf,minimal_centered,medium,A4,bullets,False,False,False,1,
TRAIN00349,train,cvs_pdf/TRAIN00349.pdf,modern_banner,easy,letter,years,True,False,False,1,
TRAIN00350,train,cvs_pdf/TRAIN00350.pdf,two_column_balanced,hard,letter,years,True,False,False,1,
TRAIN00351,train,cvs_pdf/TRAIN00351.pdf,right_sidebar_light,hard,letter,categorised,False,False,False,1,
TRAIN00352,train,cvs_pdf/TRAIN00352.pdf,compact_boxed,medium,letter,categorised,False,False,False,1,
TRAIN00353,train,cvs_pdf/TRAIN00353.pdf,two_column_balanced,hard,letter,levels,False,False,False,1,
TRAIN00354,train,cvs_pdf/TRAIN00354.pdf,academic_dense,medium,letter,bullets,False,False,False,1,
TRAIN00355,train,cvs_pdf/TRAIN00355.pdf,europass_style,hard,letter,years,True,False,False,1,
TRAIN00356,train,cvs_pdf/TRAIN00356.pdf,modern_banner,easy,A4,plain,False,False,False,1,
TRAIN00357,train,cvs_pdf/TRAIN00357.pdf,academic_dense,medium,A4,categorised,False,False,False,1,
TRAIN00358,train,cvs_pdf/TRAIN00358.pdf,modern_banner,easy,letter,bars,False,False,False,1,
TRAIN00359,train,cvs_pdf/TRAIN00359.pdf,compact_boxed,medium,letter,plain,False,False,False,1,
TRAIN00360,train,cvs_pdf/TRAIN00360.pdf,left_sidebar_dark,hard,A4,categorised,False,False,False,1,
TRAIN00361,train,cvs_pdf/TRAIN00361.pdf,two_column_balanced,hard,letter,levels,False,False,False,1,
TRAIN00362,train,cvs_pdf/TRAIN00362.pdf,academic_dense,medium,A4,none,False,False,False,1,
TRAIN00363,train,cvs_pdf/TRAIN00363.pdf,europass_style,hard,letter,years,True,False,False,1,
TRAIN00364,train,cvs_pdf/TRAIN00364.pdf,two_column_balanced,hard,letter,bullets,False,False,False,1,
TRAIN00365,train,cvs_pdf/TRAIN00365.pdf,minimal_centered,medium,A4,plain,False,False,False,1,
TRAIN00366,train,cvs_pdf/TRAIN00366.pdf,minimal_centered,medium,letter,bars,False,False,False,2,
TRAIN00367,train,cvs_pdf/TRAIN00367.pdf,modern_banner,easy,letter,categorised,False,False,False,1,
TRAIN00368,train,cvs_pdf/TRAIN00368.pdf,two_column_balanced,hard,letter,years,True,False,False,1,
TRAIN00369,train,cvs_pdf/TRAIN00369.pdf,classic_ats,easy,letter,categorised,False,False,False,1,
TRAIN00370,train,cvs_pdf/TRAIN00370.pdf,left_sidebar_dark,hard,letter,categorised,False,False,False,1,
TRAIN00371,train,cvs_pdf/TRAIN00371.pdf,academic_dense,medium,A4,years,True,False,True,1,
TRAIN00372,train,cvs_pdf/TRAIN00372.pdf,classic_ats,easy,letter,categorised,False,False,False,1,
TRAIN00373,train,cvs_pdf/TRAIN00373.pdf,minimal_centered,medium,A4,years,True,False,False,1,
TRAIN00374,train,cvs_pdf/TRAIN00374.pdf,modern_banner,easy,A4,plain,False,False,False,1,
TRAIN00375,train,cvs_pdf/TRAIN00375.pdf,left_sidebar_dark,hard,letter,categorised,False,False,True,1,
TRAIN00376,train,cvs_pdf/TRAIN00376.pdf,classic_ats,easy,A4,categorised,False,False,False,1,
TRAIN00377,train,cvs_pdf/TRAIN00377.pdf,minimal_centered,medium,letter,categorised,False,False,False,1,
TRAIN00378,train,cvs_pdf/TRAIN00378.pdf,modern_banner,easy,letter,bullets,False,False,False,2,
TRAIN00379,train,cvs_pdf/TRAIN00379.pdf,left_sidebar_dark,hard,letter,bars,False,False,False,1,
TRAIN00380,train,cvs_pdf/TRAIN00380.pdf,compact_boxed,medium,A4,bars,False,False,False,2,
TRAIN00381,train,cvs_pdf/TRAIN00381.pdf,two_column_balanced,hard,letter,bullets,False,False,False,1,
TRAIN00382,train,cvs_pdf/TRAIN00382.pdf,modern_banner,easy,letter,levels,False,False,False,1,
TRAIN00383,train,cvs_pdf/TRAIN00383.pdf,minimal_centered,medium,A4,categorised,False,False,False,1,
TRAIN00384,train,cvs_pdf/TRAIN00384.pdf,right_sidebar_light,hard,letter,bullets,False,False,False,1,
TRAIN00385,train,cvs_pdf/TRAIN00385.pdf,two_column_balanced,hard,A4,categorised,False,False,True,1,
TRAIN00386,train,cvs_pdf/TRAIN00386.pdf,minimal_centered,medium,letter,years,True,False,False,2,
TRAIN00387,train,cvs_pdf/TRAIN00387.pdf,left_sidebar_dark,hard,letter,plain,False,False,False,1,
TRAIN00388,train,cvs_pdf/TRAIN00388.pdf,academic_dense,medium,letter,categorised,False,False,False,1,
TRAIN00389,train,cvs_pdf/TRAIN00389.pdf,compact_boxed,medium,letter,categorised,False,False,False,1,
TRAIN00390,train,cvs_pdf/TRAIN00390.pdf,table_grid,hard,A4,years,True,False,False,1,
TRAIN00391,train,cvs_pdf/TRAIN00391.pdf,classic_ats,easy,letter,plain,False,False,False,1,
TRAIN00392,train,cvs_pdf/TRAIN00392.pdf,compact_boxed,medium,letter,levels,False,False,False,1,
TRAIN00393,train,cvs_pdf/TRAIN00393.pdf,right_sidebar_light,hard,A4,plain,False,False,False,1,
TRAIN00394,train,cvs_pdf/TRAIN00394.pdf,right_sidebar_light,hard,letter,categorised,False,False,False,1,
TRAIN00395,train,cvs_pdf/TRAIN00395.pdf,compact_boxed,medium,A4,plain,False,False,True,1,
TRAIN00396,train,cvs_pdf/TRAIN00396.pdf,two_column_balanced,hard,letter,bars,False,False,False,1,
TRAIN00397,train,cvs_pdf/TRAIN00397.pdf,modern_banner,easy,letter,levels,False,False,False,1,
TRAIN00398,train,cvs_pdf/TRAIN00398.pdf,europass_style,hard,letter,plain,False,False,False,1,
TRAIN00399,train,cvs_pdf/TRAIN00399.pdf,minimal_centered,medium,A4,table,False,False,False,2,
TRAIN00400,train,cvs_pdf/TRAIN00400.pdf,modern_banner,easy,A4,years,True,False,False,1,
TRAIN00401,train,cvs_pdf/TRAIN00401.pdf,modern_banner,easy,letter,years,True,False,False,1,
TRAIN00402,train,cvs_pdf/TRAIN00402.pdf,modern_banner,easy,letter,levels,False,False,False,1,
TRAIN00403,train,cvs_pdf/TRAIN00403.pdf,classic_ats,easy,A4,levels,False,False,False,1,
TRAIN00404,train,cvs_pdf/TRAIN00404.pdf,table_grid,hard,letter,bars,False,False,False,1,
TRAIN00405,train,cvs_pdf/TRAIN00405.pdf,minimal_centered,medium,letter,bullets,False,False,False,2,
TRAIN00406,train,cvs_pdf/TRAIN00406.pdf,academic_dense,medium,letter,categorised,False,False,False,1,
TRAIN00407,train,cvs_pdf/TRAIN00407.pdf,europass_style,hard,A4,plain,False,False,False,1,
TRAIN00408,train,cvs_pdf/TRAIN00408.pdf,classic_ats,easy,A4,levels,False,False,False,2,
TRAIN00409,train,cvs_pdf/TRAIN00409.pdf,table_grid,hard,A4,years,True,False,True,1,
TRAIN00410,train,cvs_pdf/TRAIN00410.pdf,table_grid,hard,letter,bars,False,False,False,1,
TRAIN00411,train,cvs_pdf/TRAIN00411.pdf,table_grid,hard,letter,levels,False,False,False,2,
TRAIN00412,train,cvs_pdf/TRAIN00412.pdf,table_grid,hard,letter,table,False,False,False,1,
TRAIN00413,train,cvs_pdf/TRAIN00413.pdf,classic_ats,easy,letter,categorised,False,False,False,1,
TRAIN00414,train,cvs_pdf/TRAIN00414.pdf,academic_dense,medium,letter,plain,False,False,False,1,
TRAIN00415,train,cvs_pdf/TRAIN00415.pdf,classic_ats,easy,letter,categorised,False,False,False,1,
TRAIN00416,train,cvs_pdf/TRAIN00416.pdf,modern_banner,easy,A4,years,True,False,False,1,
TRAIN00417,train,cvs_pdf/TRAIN00417.pdf,academic_dense,medium,letter,levels,False,False,False,1,
TRAIN00418,train,cvs_pdf/TRAIN00418.pdf,academic_dense,medium,letter,levels,False,False,True,1,
TRAIN00419,train,cvs_pdf/TRAIN00419.pdf,compact_boxed,medium,A4,plain,False,False,False,1,
TRAIN00420,train,cvs_pdf/TRAIN00420.pdf,modern_banner,easy,letter,categorised,False,False,False,1,
TRAIN00421,train,cvs_pdf/TRAIN00421.pdf,academic_dense,medium,A4,categorised,False,False,False,1,
TRAIN00422,train,cvs_pdf/TRAIN00422.pdf,table_grid,hard,A4,plain,False,False,False,1,
TRAIN00423,train,cvs_pdf/TRAIN00423.pdf,academic_dense,medium,letter,table,False,False,False,2,
TRAIN00424,train,cvs_pdf/TRAIN00424.pdf,classic_ats,easy,A4,table,False,False,False,2,
TRAIN00425,train,cvs_pdf/TRAIN00425.pdf,academic_dense,medium,A4,categorised,False,False,False,1,
TRAIN00426,train,cvs_pdf/TRAIN00426.pdf,table_grid,hard,letter,bullets,False,False,False,1,
TRAIN00427,train,cvs_pdf/TRAIN00427.pdf,classic_ats,easy,A4,bars,False,False,False,1,
TRAIN00428,train,cvs_pdf/TRAIN00428.pdf,minimal_centered,medium,letter,categorised,False,False,False,1,
TRAIN00429,train,cvs_pdf/TRAIN00429.pdf,modern_banner,easy,A4,table,False,False,False,1,
TRAIN00430,train,cvs_pdf/TRAIN00430.pdf,minimal_centered,medium,A4,table,False,False,False,2,
TRAIN00431,train,cvs_pdf/TRAIN00431.pdf,compact_boxed,medium,letter,levels,False,False,True,2,
TRAIN00432,train,cvs_pdf/TRAIN00432.pdf,academic_dense,medium,letter,categorised,False,False,False,1,
TRAIN00433,train,cvs_pdf/TRAIN00433.pdf,classic_ats,scanned,A4,years,True,True,False,1,
TRAIN00434,train,cvs_pdf/TRAIN00434.pdf,left_sidebar_dark,hard,letter,years,True,False,False,2,
TRAIN00435,train,cvs_pdf/TRAIN00435.pdf,academic_dense,medium,letter,plain,False,False,False,1,
TRAIN00436,train,cvs_pdf/TRAIN00436.pdf,modern_banner,easy,letter,years,True,False,False,1,
TRAIN00437,train,cvs_pdf/TRAIN00437.pdf,compact_boxed,medium,A4,years,True,False,False,1,
TRAIN00438,train,cvs_pdf/TRAIN00438.pdf,left_sidebar_dark,hard,letter,bullets,False,False,False,1,
TRAIN00439,train,cvs_pdf/TRAIN00439.pdf,classic_ats,easy,letter,years,True,False,False,1,
TRAIN00440,train,cvs_pdf/TRAIN00440.pdf,modern_banner,easy,letter,bars,False,False,False,1,
TRAIN00441,train,cvs_pdf/TRAIN00441.pdf,two_column_balanced,hard,A4,categorised,False,False,False,1,
TRAIN00442,train,cvs_pdf/TRAIN00442.pdf,academic_dense,medium,letter,categorised,False,False,True,2,
TRAIN00443,train,cvs_pdf/TRAIN00443.pdf,classic_ats,easy,A4,none,False,False,False,1,
TRAIN00444,train,cvs_pdf/TRAIN00444.pdf,classic_ats,easy,letter,categorised,False,False,False,1,
TRAIN00445,train,cvs_pdf/TRAIN00445.pdf,modern_banner,easy,letter,bullets,False,False,False,1,
TRAIN00446,train,cvs_pdf/TRAIN00446.pdf,classic_ats,easy,letter,bars,False,False,False,1,
TRAIN00447,train,cvs_pdf/TRAIN00447.pdf,right_sidebar_light,hard,letter,bullets,False,False,False,1,
TRAIN00448,train,cvs_pdf/TRAIN00448.pdf,minimal_centered,medium,letter,plain,False,False,False,1,
TRAIN00449,train,cvs_pdf/TRAIN00449.pdf,left_sidebar_dark,hard,letter,bullets,False,False,False,1,
TRAIN00450,train,cvs_pdf/TRAIN00450.pdf,compact_boxed,medium,A4,categorised,False,False,True,1,
TRAIN00451,train,cvs_pdf/TRAIN00451.pdf,classic_ats,easy,letter,years,True,False,False,1,
TRAIN00452,train,cvs_pdf/TRAIN00452.pdf,classic_ats,easy,A4,table,False,False,False,1,
TRAIN00453,train,cvs_pdf/TRAIN00453.pdf,table_grid,hard,letter,years,True,False,False,1,
TRAIN00454,train,cvs_pdf/TRAIN00454.pdf,two_column_balanced,hard,A4,plain,False,False,False,1,
TRAIN00455,train,cvs_pdf/TRAIN00455.pdf,modern_banner,easy,letter,years,True,False,True,1,
TRAIN00456,train,cvs_pdf/TRAIN00456.pdf,compact_boxed,medium,letter,levels,False,False,False,1,
TRAIN00457,train,cvs_pdf/TRAIN00457.pdf,left_sidebar_dark,hard,letter,plain,False,False,False,2,
TRAIN00458,train,cvs_pdf/TRAIN00458.pdf,modern_banner,easy,letter,bullets,False,False,False,2,
TRAIN00459,train,cvs_pdf/TRAIN00459.pdf,modern_banner,easy,letter,plain,False,False,True,1,
TRAIN00460,train,cvs_pdf/TRAIN00460.pdf,compact_boxed,medium,A4,years,True,False,False,1,
TRAIN00461,train,cvs_pdf/TRAIN00461.pdf,minimal_centered,medium,letter,levels,False,False,False,1,
TRAIN00462,train,cvs_pdf/TRAIN00462.pdf,modern_banner,easy,A4,bars,False,False,False,1,
TRAIN00463,train,cvs_pdf/TRAIN00463.pdf,table_grid,hard,letter,years,True,False,False,1,
TRAIN00464,train,cvs_pdf/TRAIN00464.pdf,academic_dense,medium,letter,plain,False,False,False,1,
TRAIN00465,train,cvs_pdf/TRAIN00465.pdf,compact_boxed,medium,letter,years,True,False,False,2,
TRAIN00466,train,cvs_pdf/TRAIN00466.pdf,europass_style,hard,letter,bullets,False,False,False,1,
TRAIN00467,train,cvs_pdf/TRAIN00467.pdf,two_column_balanced,hard,A4,bars,False,False,False,1,
TRAIN00468,train,cvs_pdf/TRAIN00468.pdf,minimal_centered,medium,A4,bars,False,False,False,1,
TRAIN00469,train,cvs_pdf/TRAIN00469.pdf,modern_banner,scanned,letter,bullets,False,True,False,1,
TRAIN00470,train,cvs_pdf/TRAIN00470.pdf,left_sidebar_dark,hard,letter,levels,False,False,True,1,
TRAIN00471,train,cvs_pdf/TRAIN00471.pdf,classic_ats,easy,A4,bullets,False,False,False,1,
TRAIN00472,train,cvs_pdf/TRAIN00472.pdf,classic_ats,easy,letter,categorised,False,False,False,1,
TRAIN00473,train,cvs_pdf/TRAIN00473.pdf,right_sidebar_light,hard,letter,bars,False,False,False,1,
TRAIN00474,train,cvs_pdf/TRAIN00474.pdf,compact_boxed,medium,letter,bars,False,False,False,1,
TRAIN00475,train,cvs_pdf/TRAIN00475.pdf,left_sidebar_dark,scanned,A4,plain,False,True,False,1,
TRAIN00476,train,cvs_pdf/TRAIN00476.pdf,europass_style,hard,letter,bullets,False,False,True,1,
TRAIN00477,train,cvs_pdf/TRAIN00477.pdf,europass_style,hard,letter,plain,False,False,False,1,
TRAIN00478,train,cvs_pdf/TRAIN00478.pdf,classic_ats,easy,letter,categorised,False,False,False,1,
TRAIN00479,train,cvs_pdf/TRAIN00479.pdf,compact_boxed,medium,letter,levels,False,False,False,1,
TRAIN00480,train,cvs_pdf/TRAIN00480.pdf,classic_ats,easy,letter,none,False,False,False,1,
TRAIN00481,train,cvs_pdf/TRAIN00481.pdf,compact_boxed,medium,A4,years,True,False,True,2,
TRAIN00482,train,cvs_pdf/TRAIN00482.pdf,right_sidebar_light,hard,letter,table,False,False,False,1,
TRAIN00483,train,cvs_pdf/TRAIN00483.pdf,classic_ats,easy,A4,bullets,False,False,True,1,
TRAIN00484,train,cvs_pdf/TRAIN00484.pdf,minimal_centered,medium,letter,categorised,False,False,False,1,
TRAIN00485,train,cvs_pdf/TRAIN00485.pdf,classic_ats,easy,letter,categorised,False,False,True,2,
TRAIN00486,train,cvs_pdf/TRAIN00486.pdf,two_column_balanced,hard,A4,plain,False,False,False,1,
TRAIN00487,train,cvs_pdf/TRAIN00487.pdf,academic_dense,medium,letter,plain,False,False,False,1,
TRAIN00488,train,cvs_pdf/TRAIN00488.pdf,modern_banner,easy,letter,bars,False,False,False,1,
TRAIN00489,train,cvs_pdf/TRAIN00489.pdf,classic_ats,easy,letter,bars,False,False,False,1,
TRAIN00490,train,cvs_pdf/TRAIN00490.pdf,table_grid,hard,letter,bars,False,False,False,2,
TRAIN00491,train,cvs_pdf/TRAIN00491.pdf,academic_dense,medium,A4,bullets,False,False,False,1,
TRAIN00492,train,cvs_pdf/TRAIN00492.pdf,classic_ats,easy,letter,table,False,False,False,1,
TRAIN00493,train,cvs_pdf/TRAIN00493.pdf,left_sidebar_dark,hard,letter,bars,False,False,False,1,
TRAIN00494,train,cvs_pdf/TRAIN00494.pdf,table_grid,hard,A4,table,False,False,False,2,
TRAIN00495,train,cvs_pdf/TRAIN00495.pdf,modern_banner,easy,A4,plain,False,False,False,1,
TRAIN00496,train,cvs_pdf/TRAIN00496.pdf,modern_banner,easy,letter,years,True,False,True,2,
TRAIN00497,train,cvs_pdf/TRAIN00497.pdf,left_sidebar_dark,hard,letter,years,True,False,False,1,
TRAIN00498,train,cvs_pdf/TRAIN00498.pdf,modern_banner,easy,letter,bullets,False,False,False,2,
TRAIN00499,train,cvs_pdf/TRAIN00499.pdf,two_column_balanced,hard,letter,categorised,False,False,False,1,
TRAIN00500,train,cvs_pdf/TRAIN00500.pdf,classic_ats,easy,A4,categorised,False,False,False,1,
TRAIN00501,train,cvs_pdf/TRAIN00501.pdf,classic_ats,easy,letter,years,True,False,False,1,
TRAIN00502,train,cvs_pdf/TRAIN00502.pdf,left_sidebar_dark,hard,letter,years,True,False,False,2,
TRAIN00503,train,cvs_pdf/TRAIN00503.pdf,compact_boxed,medium,letter,categorised,False,False,False,1,
TRAIN00504,train,cvs_pdf/TRAIN00504.pdf,minimal_centered,medium,letter,bullets,False,False,False,1,
TRAIN00505,train,cvs_pdf/TRAIN00505.pdf,table_grid,hard,A4,plain,False,False,False,1,
TRAIN00506,train,cvs_pdf/TRAIN00506.pdf,compact_boxed,medium,letter,plain,False,False,False,1,
TRAIN00507,train,cvs_pdf/TRAIN00507.pdf,classic_ats,easy,letter,categorised,False,False,False,1,
TRAIN00508,train,cvs_pdf/TRAIN00508.pdf,minimal_centered,medium,letter,years,True,False,True,1,
TRAIN00509,train,cvs_pdf/TRAIN00509.pdf,right_sidebar_light,hard,A4,bullets,False,False,False,1,
TRAIN00510,train,cvs_pdf/TRAIN00510.pdf,left_sidebar_dark,hard,letter,categorised,False,False,False,1,
TRAIN00511,train,cvs_pdf/TRAIN00511.pdf,compact_boxed,medium,A4,table,False,False,False,1,
TRAIN00512,train,cvs_pdf/TRAIN00512.pdf,modern_banner,easy,letter,bars,False,False,False,1,
TRAIN00513,train,cvs_pdf/TRAIN00513.pdf,two_column_balanced,hard,A4,bars,False,False,False,1,
TRAIN00514,train,cvs_pdf/TRAIN00514.pdf,left_sidebar_dark,hard,letter,categorised,False,False,False,1,
TRAIN00515,train,cvs_pdf/TRAIN00515.pdf,academic_dense,medium,A4,years,True,False,False,1,
TRAIN00516,train,cvs_pdf/TRAIN00516.pdf,modern_banner,easy,letter,years,True,False,False,1,
TRAIN00517,train,cvs_pdf/TRAIN00517.pdf,europass_style,hard,A4,bullets,False,False,False,1,
TRAIN00518,train,cvs_pdf/TRAIN00518.pdf,modern_banner,easy,letter,categorised,False,False,False,2,
TRAIN00519,train,cvs_pdf/TRAIN00519.pdf,europass_style,hard,letter,levels,False,False,False,1,
TRAIN00520,train,cvs_pdf/TRAIN00520.pdf,minimal_centered,medium,letter,categorised,False,False,False,1,
TRAIN00521,train,cvs_pdf/TRAIN00521.pdf,classic_ats,easy,A4,table,False,False,False,1,
TRAIN00522,train,cvs_pdf/TRAIN00522.pdf,academic_dense,medium,letter,categorised,False,False,False,2,
TRAIN00523,train,cvs_pdf/TRAIN00523.pdf,right_sidebar_light,scanned,A4,table,False,True,True,1,
TRAIN00524,train,cvs_pdf/TRAIN00524.pdf,classic_ats,easy,letter,years,True,False,False,1,
TRAIN00525,train,cvs_pdf/TRAIN00525.pdf,compact_boxed,medium,letter,categorised,False,False,False,1,
TRAIN00526,train,cvs_pdf/TRAIN00526.pdf,right_sidebar_light,hard,A4,plain,False,False,False,1,
TRAIN00527,train,cvs_pdf/TRAIN00527.pdf,right_sidebar_light,hard,letter,categorised,False,False,False,1,
TRAIN00528,train,cvs_pdf/TRAIN00528.pdf,minimal_centered,medium,letter,table,False,False,False,1,
TRAIN00529,train,cvs_pdf/TRAIN00529.pdf,classic_ats,easy,letter,categorised,False,False,False,1,
TRAIN00530,train,cvs_pdf/TRAIN00530.pdf,classic_ats,easy,A4,plain,False,False,False,1,
TRAIN00531,train,cvs_pdf/TRAIN00531.pdf,minimal_centered,medium,A4,plain,False,False,False,1,
TRAIN00532,train,cvs_pdf/TRAIN00532.pdf,modern_banner,easy,A4,years,True,False,False,1,
TRAIN00533,train,cvs_pdf/TRAIN00533.pdf,compact_boxed,medium,letter,years,True,False,False,2,
TRAIN00534,train,cvs_pdf/TRAIN00534.pdf,two_column_balanced,hard,letter,plain,False,False,False,1,
TRAIN00535,train,cvs_pdf/TRAIN00535.pdf,two_column_balanced,hard,letter,table,False,False,False,1,
TRAIN00536,train,cvs_pdf/TRAIN00536.pdf,europass_style,hard,letter,table,False,False,False,1,
TRAIN00537,train,cvs_pdf/TRAIN00537.pdf,left_sidebar_dark,hard,letter,plain,False,False,False,1,
TRAIN00538,train,cvs_pdf/TRAIN00538.pdf,academic_dense,medium,letter,plain,False,False,False,1,
TRAIN00539,train,cvs_pdf/TRAIN00539.pdf,compact_boxed,medium,letter,plain,False,False,False,1,
TRAIN00540,train,cvs_pdf/TRAIN00540.pdf,modern_banner,easy,letter,years,True,False,False,1,
TRAIN00541,train,cvs_pdf/TRAIN00541.pdf,modern_banner,easy,letter,categorised,False,False,False,1,
TRAIN00542,train,cvs_pdf/TRAIN00542.pdf,minimal_centered,medium,letter,bullets,False,False,False,1,
TRAIN00543,train,cvs_pdf/TRAIN00543.pdf,academic_dense,medium,letter,levels,False,False,False,1,
TRAIN00544,train,cvs_pdf/TRAIN00544.pdf,two_column_balanced,hard,letter,levels,False,False,False,1,
TRAIN00545,train,cvs_pdf/TRAIN00545.pdf,left_sidebar_dark,hard,A4,table,False,False,True,1,
TRAIN00546,train,cvs_pdf/TRAIN00546.pdf,left_sidebar_dark,hard,letter,years,True,False,False,1,
TRAIN00547,train,cvs_pdf/TRAIN00547.pdf,left_sidebar_dark,hard,letter,years,True,False,False,1,
TRAIN00548,train,cvs_pdf/TRAIN00548.pdf,left_sidebar_dark,hard,letter,categorised,False,False,False,1,
TRAIN00549,train,cvs_pdf/TRAIN00549.pdf,compact_boxed,medium,letter,plain,False,False,False,1,
TRAIN00550,train,cvs_pdf/TRAIN00550.pdf,classic_ats,easy,letter,bars,False,False,False,2,
TRAIN00551,train,cvs_pdf/TRAIN00551.pdf,academic_dense,scanned,A4,years,True,True,False,1,
TRAIN00552,train,cvs_pdf/TRAIN00552.pdf,modern_banner,easy,A4,bullets,False,False,False,1,
TRAIN00553,train,cvs_pdf/TRAIN00553.pdf,modern_banner,easy,letter,categorised,False,False,False,1,
TRAIN00554,train,cvs_pdf/TRAIN00554.pdf,two_column_balanced,hard,letter,bars,False,False,False,1,
TRAIN00555,train,cvs_pdf/TRAIN00555.pdf,compact_boxed,medium,A4,years,True,False,False,1,
TRAIN00556,train,cvs_pdf/TRAIN00556.pdf,table_grid,hard,letter,years,True,False,True,1,
TRAIN00557,train,cvs_pdf/TRAIN00557.pdf,compact_boxed,medium,letter,plain,False,False,False,1,
TRAIN00558,train,cvs_pdf/TRAIN00558.pdf,classic_ats,easy,letter,bars,False,False,False,1,
TRAIN00559,train,cvs_pdf/TRAIN00559.pdf,left_sidebar_dark,hard,letter,levels,False,False,False,1,
TRAIN00560,train,cvs_pdf/TRAIN00560.pdf,two_column_balanced,hard,A4,categorised,False,False,False,1,
TRAIN00561,train,cvs_pdf/TRAIN00561.pdf,right_sidebar_light,hard,letter,table,False,False,False,2,
TRAIN00562,train,cvs_pdf/TRAIN00562.pdf,minimal_centered,medium,letter,levels,False,False,False,1,
TRAIN00563,train,cvs_pdf/TRAIN00563.pdf,right_sidebar_light,hard,A4,categorised,False,False,False,2,
TRAIN00564,train,cvs_pdf/TRAIN00564.pdf,modern_banner,easy,A4,table,False,False,False,2,
TRAIN00565,train,cvs_pdf/TRAIN00565.pdf,modern_banner,easy,A4,categorised,False,False,True,2,
TRAIN00566,train,cvs_pdf/TRAIN00566.pdf,compact_boxed,medium,letter,years,True,False,False,1,
TRAIN00567,train,cvs_pdf/TRAIN00567.pdf,table_grid,hard,A4,levels,False,False,False,1,
TRAIN00568,train,cvs_pdf/TRAIN00568.pdf,classic_ats,easy,A4,levels,False,False,False,1,
TRAIN00569,train,cvs_pdf/TRAIN00569.pdf,table_grid,hard,letter,years,True,False,False,1,
TRAIN00570,train,cvs_pdf/TRAIN00570.pdf,modern_banner,scanned,A4,levels,False,True,True,1,
TRAIN00571,train,cvs_pdf/TRAIN00571.pdf,two_column_balanced,hard,letter,categorised,False,False,False,1,
TRAIN00572,train,cvs_pdf/TRAIN00572.pdf,two_column_balanced,hard,letter,none,False,False,False,1,
TRAIN00573,train,cvs_pdf/TRAIN00573.pdf,left_sidebar_dark,hard,A4,categorised,False,False,False,1,
TRAIN00574,train,cvs_pdf/TRAIN00574.pdf,left_sidebar_dark,hard,letter,plain,False,False,False,1,
TRAIN00575,train,cvs_pdf/TRAIN00575.pdf,classic_ats,easy,A4,categorised,False,False,False,1,
TRAIN00576,train,cvs_pdf/TRAIN00576.pdf,academic_dense,medium,letter,categorised,False,False,False,1,
TRAIN00577,train,cvs_pdf/TRAIN00577.pdf,left_sidebar_dark,hard,letter,years,True,False,False,1,
TRAIN00578,train,cvs_pdf/TRAIN00578.pdf,two_column_balanced,hard,A4,table,False,False,False,1,
TRAIN00579,train,cvs_pdf/TRAIN00579.pdf,minimal_centered,medium,A4,plain,False,False,False,1,
TRAIN00580,train,cvs_pdf/TRAIN00580.pdf,classic_ats,easy,A4,categorised,False,False,False,1,
TRAIN00581,train,cvs_pdf/TRAIN00581.pdf,academic_dense,medium,letter,years,True,False,False,1,
TRAIN00582,train,cvs_pdf/TRAIN00582.pdf,left_sidebar_dark,hard,A4,plain,False,False,False,1,
TRAIN00583,train,cvs_pdf/TRAIN00583.pdf,academic_dense,medium,A4,years,True,False,False,1,
TRAIN00584,train,cvs_pdf/TRAIN00584.pdf,two_column_balanced,hard,letter,levels,False,False,False,1,
TRAIN00585,train,cvs_pdf/TRAIN00585.pdf,compact_boxed,medium,letter,categorised,False,False,True,1,
TRAIN00586,train,cvs_pdf/TRAIN00586.pdf,modern_banner,easy,A4,years,True,False,False,1,
TRAIN00587,train,cvs_pdf/TRAIN00587.pdf,academic_dense,medium,A4,bullets,False,False,False,2,
TRAIN00588,train,cvs_pdf/TRAIN00588.pdf,table_grid,hard,A4,table,False,False,False,1,
TRAIN00589,train,cvs_pdf/TRAIN00589.pdf,classic_ats,easy,letter,categorised,False,False,False,1,
TRAIN00590,train,cvs_pdf/TRAIN00590.pdf,modern_banner,easy,A4,years,True,False,False,1,
TRAIN00591,train,cvs_pdf/TRAIN00591.pdf,modern_banner,easy,letter,bullets,False,False,False,1,
TRAIN00592,train,cvs_pdf/TRAIN00592.pdf,modern_banner,easy,letter,bars,False,False,False,2,
TRAIN00593,train,cvs_pdf/TRAIN00593.pdf,compact_boxed,medium,A4,years,True,False,False,1,
TRAIN00594,train,cvs_pdf/TRAIN00594.pdf,classic_ats,easy,A4,table,False,False,True,1,
TRAIN00595,train,cvs_pdf/TRAIN00595.pdf,left_sidebar_dark,hard,letter,years,True,False,False,1,
TRAIN00596,train,cvs_pdf/TRAIN00596.pdf,minimal_centered,medium,letter,plain,False,False,False,2,
TRAIN00597,train,cvs_pdf/TRAIN00597.pdf,two_column_balanced,hard,letter,years,True,False,False,1,
TRAIN00598,train,cvs_pdf/TRAIN00598.pdf,table_grid,hard,letter,categorised,False,False,False,1,
TRAIN00599,train,cvs_pdf/TRAIN00599.pdf,classic_ats,easy,letter,plain,False,False,False,1,
TRAIN00600,train,cvs_pdf/TRAIN00600.pdf,modern_banner,easy,letter,bullets,False,False,False,1,
TRAIN00601,train,cvs_pdf/TRAIN00601.pdf,academic_dense,medium,letter,plain,False,False,False,2,
TRAIN00602,train,cvs_pdf/TRAIN00602.pdf,classic_ats,easy,letter,table,False,False,False,1,
TRAIN00603,train,cvs_pdf/TRAIN00603.pdf,left_sidebar_dark,hard,letter,table,False,False,False,1,
TRAIN00604,train,cvs_pdf/TRAIN00604.pdf,classic_ats,easy,letter,levels,False,False,False,1,
TRAIN00605,train,cvs_pdf/TRAIN00605.pdf,two_column_balanced,hard,A4,years,True,False,False,1,
TRAIN00606,train,cvs_pdf/TRAIN00606.pdf,academic_dense,medium,letter,plain,False,False,False,1,
TRAIN00607,train,cvs_pdf/TRAIN00607.pdf,modern_banner,easy,letter,years,True,False,False,1,
TRAIN00608,train,cvs_pdf/TRAIN00608.pdf,classic_ats,easy,A4,levels,False,False,True,1,
TRAIN00609,train,cvs_pdf/TRAIN00609.pdf,modern_banner,easy,A4,years,True,False,False,1,
TRAIN00610,train,cvs_pdf/TRAIN00610.pdf,left_sidebar_dark,hard,letter,table,False,False,False,1,
TRAIN00611,train,cvs_pdf/TRAIN00611.pdf,classic_ats,easy,letter,categorised,False,False,False,1,
TRAIN00612,train,cvs_pdf/TRAIN00612.pdf,right_sidebar_light,hard,letter,plain,False,False,False,1,
TRAIN00613,train,cvs_pdf/TRAIN00613.pdf,table_grid,hard,letter,categorised,False,False,False,1,
TRAIN00614,train,cvs_pdf/TRAIN00614.pdf,classic_ats,easy,A4,categorised,False,False,False,1,
TRAIN00615,train,cvs_pdf/TRAIN00615.pdf,classic_ats,easy,A4,categorised,False,False,False,1,
TRAIN00616,train,cvs_pdf/TRAIN00616.pdf,right_sidebar_light,hard,letter,plain,False,False,False,1,
TRAIN00617,train,cvs_pdf/TRAIN00617.pdf,minimal_centered,medium,A4,table,False,False,False,2,
TRAIN00618,train,cvs_pdf/TRAIN00618.pdf,minimal_centered,medium,letter,years,True,False,False,1,
TRAIN00619,train,cvs_pdf/TRAIN00619.pdf,left_sidebar_dark,hard,A4,levels,False,False,False,1,
TRAIN00620,train,cvs_pdf/TRAIN00620.pdf,modern_banner,easy,letter,plain,False,False,False,1,
TRAIN00621,train,cvs_pdf/TRAIN00621.pdf,academic_dense,medium,A4,bars,False,False,False,1,
TRAIN00622,train,cvs_pdf/TRAIN00622.pdf,classic_ats,easy,letter,categorised,False,False,False,1,
TRAIN00623,train,cvs_pdf/TRAIN00623.pdf,compact_boxed,medium,letter,years,True,False,True,1,
TRAIN00624,train,cvs_pdf/TRAIN00624.pdf,left_sidebar_dark,hard,A4,table,False,False,False,1,
TRAIN00625,train,cvs_pdf/TRAIN00625.pdf,modern_banner,easy,letter,levels,False,False,False,1,
TRAIN00626,train,cvs_pdf/TRAIN00626.pdf,two_column_balanced,hard,A4,levels,False,False,False,1,
TRAIN00627,train,cvs_pdf/TRAIN00627.pdf,modern_banner,scanned,letter,years,True,True,False,1,
TRAIN00628,train,cvs_pdf/TRAIN00628.pdf,classic_ats,easy,letter,categorised,False,False,False,2,
TRAIN00629,train,cvs_pdf/TRAIN00629.pdf,modern_banner,easy,letter,bullets,False,False,False,1,
TRAIN00630,train,cvs_pdf/TRAIN00630.pdf,minimal_centered,medium,letter,table,False,False,False,2,
TRAIN00631,train,cvs_pdf/TRAIN00631.pdf,compact_boxed,medium,letter,levels,False,False,False,2,
TRAIN00632,train,cvs_pdf/TRAIN00632.pdf,two_column_balanced,hard,letter,bullets,False,False,False,1,
TRAIN00633,train,cvs_pdf/TRAIN00633.pdf,two_column_balanced,hard,A4,plain,False,False,False,1,
TRAIN00634,train,cvs_pdf/TRAIN00634.pdf,compact_boxed,medium,A4,bullets,False,False,False,2,
TRAIN00635,train,cvs_pdf/TRAIN00635.pdf,europass_style,hard,A4,categorised,False,False,False,1,
TRAIN00636,train,cvs_pdf/TRAIN00636.pdf,classic_ats,easy,A4,levels,False,False,True,1,
TRAIN00637,train,cvs_pdf/TRAIN00637.pdf,modern_banner,easy,A4,categorised,False,False,False,1,
TRAIN00638,train,cvs_pdf/TRAIN00638.pdf,classic_ats,easy,letter,plain,False,False,True,1,
TRAIN00639,train,cvs_pdf/TRAIN00639.pdf,minimal_centered,medium,letter,plain,False,False,False,1,
TRAIN00640,train,cvs_pdf/TRAIN00640.pdf,minimal_centered,medium,A4,bars,False,False,False,1,
TRAIN00641,train,cvs_pdf/TRAIN00641.pdf,table_grid,hard,A4,table,False,False,False,2,
TRAIN00642,train,cvs_pdf/TRAIN00642.pdf,modern_banner,easy,letter,years,True,False,False,1,
TRAIN00643,train,cvs_pdf/TRAIN00643.pdf,classic_ats,easy,letter,plain,False,False,False,1,
TRAIN00644,train,cvs_pdf/TRAIN00644.pdf,classic_ats,easy,A4,plain,False,False,False,1,
TRAIN00645,train,cvs_pdf/TRAIN00645.pdf,classic_ats,easy,A4,bars,False,False,False,1,
TRAIN00646,train,cvs_pdf/TRAIN00646.pdf,minimal_centered,medium,A4,categorised,False,False,False,1,
TRAIN00647,train,cvs_pdf/TRAIN00647.pdf,two_column_balanced,scanned,A4,levels,False,True,False,1,
TRAIN00648,train,cvs_pdf/TRAIN00648.pdf,two_column_balanced,hard,A4,none,False,False,False,1,
TRAIN00649,train,cvs_pdf/TRAIN00649.pdf,classic_ats,easy,A4,categorised,False,False,False,1,
TRAIN00650,train,cvs_pdf/TRAIN00650.pdf,academic_dense,medium,letter,table,False,False,False,2,
TRAIN00651,train,cvs_pdf/TRAIN00651.pdf,modern_banner,easy,letter,bars,False,False,False,1,
TRAIN00652,train,cvs_pdf/TRAIN00652.pdf,two_column_balanced,hard,letter,years,True,False,True,1,
TRAIN00653,train,cvs_pdf/TRAIN00653.pdf,modern_banner,easy,letter,plain,False,False,False,1,
TRAIN00654,train,cvs_pdf/TRAIN00654.pdf,modern_banner,easy,A4,bars,False,False,False,2,
TRAIN00655,train,cvs_pdf/TRAIN00655.pdf,two_column_balanced,hard,A4,plain,False,False,True,2,
TRAIN00656,train,cvs_pdf/TRAIN00656.pdf,europass_style,hard,A4,bullets,False,False,False,1,
TRAIN00657,train,cvs_pdf/TRAIN00657.pdf,two_column_balanced,hard,A4,years,True,False,True,1,
TRAIN00658,train,cvs_pdf/TRAIN00658.pdf,classic_ats,easy,A4,table,False,False,True,2,
TRAIN00659,train,cvs_pdf/TRAIN00659.pdf,right_sidebar_light,scanned,letter,levels,False,True,False,1,
TRAIN00660,train,cvs_pdf/TRAIN00660.pdf,compact_boxed,medium,letter,none,False,False,False,1,
TRAIN00661,train,cvs_pdf/TRAIN00661.pdf,minimal_centered,medium,letter,bars,False,False,False,1,
TRAIN00662,train,cvs_pdf/TRAIN00662.pdf,minimal_centered,medium,A4,bars,False,False,False,1,
TRAIN00663,train,cvs_pdf/TRAIN00663.pdf,classic_ats,easy,letter,categorised,False,False,False,2,
TRAIN00664,train,cvs_pdf/TRAIN00664.pdf,two_column_balanced,hard,letter,years,True,False,False,1,
TRAIN00665,train,cvs_pdf/TRAIN00665.pdf,minimal_centered,medium,letter,plain,False,False,False,2,
TRAIN00666,train,cvs_pdf/TRAIN00666.pdf,left_sidebar_dark,hard,letter,table,False,False,False,1,
TRAIN00667,train,cvs_pdf/TRAIN00667.pdf,academic_dense,medium,letter,categorised,False,False,False,1,
TRAIN00668,train,cvs_pdf/TRAIN00668.pdf,academic_dense,medium,A4,categorised,False,False,False,1,
TRAIN00669,train,cvs_pdf/TRAIN00669.pdf,modern_banner,easy,letter,years,True,False,False,1,
TRAIN00670,train,cvs_pdf/TRAIN00670.pdf,modern_banner,easy,letter,categorised,False,False,False,1,
TRAIN00671,train,cvs_pdf/TRAIN00671.pdf,classic_ats,easy,letter,plain,False,False,False,1,
TRAIN00672,train,cvs_pdf/TRAIN00672.pdf,left_sidebar_dark,hard,letter,plain,False,False,False,1,
TRAIN00673,train,cvs_pdf/TRAIN00673.pdf,classic_ats,easy,letter,plain,False,False,False,1,
TRAIN00674,train,cvs_pdf/TRAIN00674.pdf,two_column_balanced,hard,A4,years,True,False,False,1,
TRAIN00675,train,cvs_pdf/TRAIN00675.pdf,minimal_centered,medium,A4,categorised,False,False,False,1,
TRAIN00676,train,cvs_pdf/TRAIN00676.pdf,table_grid,hard,letter,categorised,False,False,False,1,
TRAIN00677,train,cvs_pdf/TRAIN00677.pdf,modern_banner,easy,letter,bars,False,False,False,2,
TRAIN00678,train,cvs_pdf/TRAIN00678.pdf,table_grid,hard,letter,bars,False,False,False,1,
TRAIN00679,train,cvs_pdf/TRAIN00679.pdf,two_column_balanced,hard,A4,years,True,False,False,1,
TRAIN00680,train,cvs_pdf/TRAIN00680.pdf,minimal_centered,medium,letter,years,True,False,False,1,
TRAIN00681,train,cvs_pdf/TRAIN00681.pdf,compact_boxed,medium,letter,levels,False,False,False,1,
TRAIN00682,train,cvs_pdf/TRAIN00682.pdf,modern_banner,easy,letter,years,True,False,False,1,
TRAIN00683,train,cvs_pdf/TRAIN00683.pdf,academic_dense,medium,A4,table,False,False,True,2,
TRAIN00684,train,cvs_pdf/TRAIN00684.pdf,minimal_centered,medium,letter,levels,False,False,False,1,
TRAIN00685,train,cvs_pdf/TRAIN00685.pdf,table_grid,hard,A4,bullets,False,False,False,1,
TRAIN00686,train,cvs_pdf/TRAIN00686.pdf,classic_ats,easy,letter,table,False,False,False,2,
TRAIN00687,train,cvs_pdf/TRAIN00687.pdf,right_sidebar_light,hard,letter,plain,False,False,True,1,
TRAIN00688,train,cvs_pdf/TRAIN00688.pdf,two_column_balanced,hard,A4,years,True,False,False,1,
TRAIN00689,train,cvs_pdf/TRAIN00689.pdf,classic_ats,easy,letter,table,False,False,False,1,
TRAIN00690,train,cvs_pdf/TRAIN00690.pdf,minimal_centered,medium,letter,plain,False,False,True,1,
TRAIN00691,train,cvs_pdf/TRAIN00691.pdf,table_grid,hard,letter,categorised,False,False,False,1,
TRAIN00692,train,cvs_pdf/TRAIN00692.pdf,academic_dense,medium,A4,years,True,False,False,1,
TRAIN00693,train,cvs_pdf/TRAIN00693.pdf,modern_banner,easy,letter,bars,False,False,False,2,
TRAIN00694,train,cvs_pdf/TRAIN00694.pdf,academic_dense,medium,A4,none,False,False,False,1,
TRAIN00695,train,cvs_pdf/TRAIN00695.pdf,modern_banner,easy,letter,levels,False,False,False,1,
TRAIN00696,train,cvs_pdf/TRAIN00696.pdf,classic_ats,easy,A4,bars,False,False,False,1,
TRAIN00697,train,cvs_pdf/TRAIN00697.pdf,left_sidebar_dark,hard,A4,categorised,False,False,False,1,
TRAIN00698,train,cvs_pdf/TRAIN00698.pdf,two_column_balanced,hard,letter,table,False,False,False,1,
TRAIN00699,train,cvs_pdf/TRAIN00699.pdf,compact_boxed,medium,letter,bars,False,False,False,2,
TRAIN00700,train,cvs_pdf/TRAIN00700.pdf,minimal_centered,medium,letter,plain,False,False,False,1,
TRAIN00701,train,cvs_pdf/TRAIN00701.pdf,academic_dense,medium,A4,years,True,False,False,1,
TRAIN00702,train,cvs_pdf/TRAIN00702.pdf,modern_banner,easy,letter,bars,False,False,False,1,
TRAIN00703,train,cvs_pdf/TRAIN00703.pdf,table_grid,hard,letter,bullets,False,False,False,1,
TRAIN00704,train,cvs_pdf/TRAIN00704.pdf,compact_boxed,medium,letter,bars,False,False,False,1,
TRAIN00705,train,cvs_pdf/TRAIN00705.pdf,classic_ats,easy,letter,bars,False,False,False,2,
TRAIN00706,train,cvs_pdf/TRAIN00706.pdf,modern_banner,easy,A4,years,True,False,False,1,
TRAIN00707,train,cvs_pdf/TRAIN00707.pdf,minimal_centered,medium,letter,categorised,False,False,False,1,
TRAIN00708,train,cvs_pdf/TRAIN00708.pdf,left_sidebar_dark,hard,letter,table,False,False,True,1,
TRAIN00709,train,cvs_pdf/TRAIN00709.pdf,right_sidebar_light,hard,letter,categorised,False,False,False,1,
TRAIN00710,train,cvs_pdf/TRAIN00710.pdf,classic_ats,easy,A4,categorised,False,False,False,1,
TRAIN00711,train,cvs_pdf/TRAIN00711.pdf,modern_banner,easy,A4,bullets,False,False,False,1,
TRAIN00712,train,cvs_pdf/TRAIN00712.pdf,europass_style,hard,letter,bullets,False,False,False,1,
TRAIN00713,train,cvs_pdf/TRAIN00713.pdf,compact_boxed,medium,letter,years,True,False,False,1,
TRAIN00714,train,cvs_pdf/TRAIN00714.pdf,table_grid,hard,letter,years,True,False,False,1,
TRAIN00715,train,cvs_pdf/TRAIN00715.pdf,right_sidebar_light,hard,letter,plain,False,False,False,1,
TRAIN00716,train,cvs_pdf/TRAIN00716.pdf,compact_boxed,medium,letter,years,True,False,False,1,
TRAIN00717,train,cvs_pdf/TRAIN00717.pdf,europass_style,hard,letter,categorised,False,False,False,2,
TRAIN00718,train,cvs_pdf/TRAIN00718.pdf,right_sidebar_light,hard,A4,bullets,False,False,False,1,
TRAIN00719,train,cvs_pdf/TRAIN00719.pdf,modern_banner,easy,A4,plain,False,False,False,1,
TRAIN00720,train,cvs_pdf/TRAIN00720.pdf,left_sidebar_dark,hard,letter,bullets,False,False,False,1,
TRAIN00721,train,cvs_pdf/TRAIN00721.pdf,academic_dense,medium,letter,levels,False,False,False,1,
TRAIN00722,train,cvs_pdf/TRAIN00722.pdf,compact_boxed,medium,letter,plain,False,False,False,2,
TRAIN00723,train,cvs_pdf/TRAIN00723.pdf,two_column_balanced,hard,letter,plain,False,False,False,1,
TRAIN00724,train,cvs_pdf/TRAIN00724.pdf,modern_banner,easy,letter,table,False,False,True,1,
TRAIN00725,train,cvs_pdf/TRAIN00725.pdf,classic_ats,easy,letter,categorised,False,False,False,1,
TRAIN00726,train,cvs_pdf/TRAIN00726.pdf,compact_boxed,medium,letter,plain,False,False,False,1,
TRAIN00727,train,cvs_pdf/TRAIN00727.pdf,academic_dense,medium,letter,bullets,False,False,False,1,
TRAIN00728,train,cvs_pdf/TRAIN00728.pdf,modern_banner,easy,letter,bullets,False,False,False,1,
TRAIN00729,train,cvs_pdf/TRAIN00729.pdf,left_sidebar_dark,hard,A4,years,True,False,False,1,
TRAIN00730,train,cvs_pdf/TRAIN00730.pdf,modern_banner,easy,letter,years,True,False,False,1,
TRAIN00731,train,cvs_pdf/TRAIN00731.pdf,minimal_centered,medium,letter,table,False,False,False,1,
TRAIN00732,train,cvs_pdf/TRAIN00732.pdf,classic_ats,easy,letter,bullets,False,False,False,1,
TRAIN00733,train,cvs_pdf/TRAIN00733.pdf,right_sidebar_light,hard,A4,levels,False,False,False,1,
TRAIN00734,train,cvs_pdf/TRAIN00734.pdf,modern_banner,easy,A4,bars,False,False,False,1,
TRAIN00735,train,cvs_pdf/TRAIN00735.pdf,academic_dense,scanned,letter,bars,False,True,False,2,
TRAIN00736,train,cvs_pdf/TRAIN00736.pdf,compact_boxed,medium,letter,bullets,False,False,False,1,
TRAIN00737,train,cvs_pdf/TRAIN00737.pdf,europass_style,hard,letter,table,False,False,False,1,
TRAIN00738,train,cvs_pdf/TRAIN00738.pdf,right_sidebar_light,hard,A4,years,True,False,True,1,
TRAIN00739,train,cvs_pdf/TRAIN00739.pdf,classic_ats,easy,letter,bars,False,False,False,1,
TRAIN00740,train,cvs_pdf/TRAIN00740.pdf,right_sidebar_light,hard,letter,table,False,False,False,1,
TRAIN00741,train,cvs_pdf/TRAIN00741.pdf,left_sidebar_dark,hard,letter,table,False,False,False,2,
TRAIN00742,train,cvs_pdf/TRAIN00742.pdf,two_column_balanced,hard,A4,years,True,False,False,1,
TRAIN00743,train,cvs_pdf/TRAIN00743.pdf,classic_ats,easy,letter,categorised,False,False,False,2,
TRAIN00744,train,cvs_pdf/TRAIN00744.pdf,minimal_centered,medium,A4,bars,False,False,False,2,
TRAIN00745,train,cvs_pdf/TRAIN00745.pdf,modern_banner,easy,letter,bars,False,False,False,1,
TRAIN00746,train,cvs_pdf/TRAIN00746.pdf,modern_banner,easy,letter,categorised,False,False,False,2,
TRAIN00747,train,cvs_pdf/TRAIN00747.pdf,right_sidebar_light,hard,letter,plain,False,False,False,1,
TRAIN00748,train,cvs_pdf/TRAIN00748.pdf,left_sidebar_dark,hard,A4,bullets,False,False,False,1,
TRAIN00749,train,cvs_pdf/TRAIN00749.pdf,classic_ats,easy,letter,plain,False,False,False,1,
TRAIN00750,train,cvs_pdf/TRAIN00750.pdf,left_sidebar_dark,hard,A4,years,True,False,False,1,
TRAIN00751,train,cvs_pdf/TRAIN00751.pdf,classic_ats,easy,letter,years,True,False,False,1,
TRAIN00752,train,cvs_pdf/TRAIN00752.pdf,minimal_centered,medium,letter,years,True,False,False,1,
TRAIN00753,train,cvs_pdf/TRAIN00753.pdf,modern_banner,easy,letter,bullets,False,False,False,2,
TRAIN00754,train,cvs_pdf/TRAIN00754.pdf,table_grid,hard,letter,years,True,False,False,1,
TRAIN00755,train,cvs_pdf/TRAIN00755.pdf,two_column_balanced,hard,letter,years,True,False,False,1,
TRAIN00756,train,cvs_pdf/TRAIN00756.pdf,minimal_centered,medium,letter,levels,False,False,False,2,
TRAIN00757,train,cvs_pdf/TRAIN00757.pdf,left_sidebar_dark,hard,letter,table,False,False,False,1,
TRAIN00758,train,cvs_pdf/TRAIN00758.pdf,academic_dense,medium,letter,plain,False,False,True,2,
TRAIN00759,train,cvs_pdf/TRAIN00759.pdf,modern_banner,easy,letter,years,True,False,False,1,
TRAIN00760,train,cvs_pdf/TRAIN00760.pdf,left_sidebar_dark,hard,A4,years,True,False,False,1,
TRAIN00761,train,cvs_pdf/TRAIN00761.pdf,academic_dense,medium,A4,bars,False,False,False,1,
TRAIN00762,train,cvs_pdf/TRAIN00762.pdf,academic_dense,medium,A4,bars,False,False,False,2,
TRAIN00763,train,cvs_pdf/TRAIN00763.pdf,europass_style,hard,letter,levels,False,False,False,1,
TRAIN00764,train,cvs_pdf/TRAIN00764.pdf,classic_ats,easy,letter,levels,False,False,False,2,
TRAIN00765,train,cvs_pdf/TRAIN00765.pdf,academic_dense,medium,letter,levels,False,False,False,1,
TRAIN00766,train,cvs_pdf/TRAIN00766.pdf,modern_banner,easy,A4,years,True,False,False,1,
TRAIN00767,train,cvs_pdf/TRAIN00767.pdf,modern_banner,easy,letter,plain,False,False,True,1,
TRAIN00768,train,cvs_pdf/TRAIN00768.pdf,modern_banner,easy,A4,years,True,False,False,1,
TRAIN00769,train,cvs_pdf/TRAIN00769.pdf,two_column_balanced,hard,letter,table,False,False,False,1,
TRAIN00770,train,cvs_pdf/TRAIN00770.pdf,two_column_balanced,hard,letter,bars,False,False,False,1,
TRAIN00771,train,cvs_pdf/TRAIN00771.pdf,table_grid,hard,letter,plain,False,False,False,1,
TRAIN00772,train,cvs_pdf/TRAIN00772.pdf,table_grid,hard,letter,plain,False,False,False,1,
TRAIN00773,train,cvs_pdf/TRAIN00773.pdf,two_column_balanced,hard,letter,levels,False,False,False,1,
TRAIN00774,train,cvs_pdf/TRAIN00774.pdf,table_grid,hard,letter,categorised,False,False,False,1,
TRAIN00775,train,cvs_pdf/TRAIN00775.pdf,modern_banner,easy,A4,table,False,False,False,1,
TRAIN00776,train,cvs_pdf/TRAIN00776.pdf,two_column_balanced,hard,A4,bars,False,False,False,1,
TRAIN00777,train,cvs_pdf/TRAIN00777.pdf,compact_boxed,medium,A4,plain,False,False,False,1,
TRAIN00778,train,cvs_pdf/TRAIN00778.pdf,academic_dense,medium,A4,years,True,False,False,2,
TRAIN00779,train,cvs_pdf/TRAIN00779.pdf,minimal_centered,medium,letter,years,True,False,False,1,
TRAIN00780,train,cvs_pdf/TRAIN00780.pdf,minimal_centered,medium,letter,bullets,False,False,False,1,
TRAIN00781,train,cvs_pdf/TRAIN00781.pdf,compact_boxed,medium,letter,levels,False,False,False,2,
TRAIN00782,train,cvs_pdf/TRAIN00782.pdf,two_column_balanced,hard,A4,bars,False,False,False,1,
TRAIN00783,train,cvs_pdf/TRAIN00783.pdf,right_sidebar_light,hard,A4,bars,False,False,False,1,
TRAIN00784,train,cvs_pdf/TRAIN00784.pdf,europass_style,scanned,letter,bullets,False,True,False,1,
TRAIN00785,train,cvs_pdf/TRAIN00785.pdf,compact_boxed,medium,letter,plain,False,False,False,1,
TRAIN00786,train,cvs_pdf/TRAIN00786.pdf,compact_boxed,medium,letter,categorised,False,False,False,2,
TRAIN00787,train,cvs_pdf/TRAIN00787.pdf,classic_ats,easy,letter,years,True,False,False,1,
TRAIN00788,train,cvs_pdf/TRAIN00788.pdf,table_grid,hard,A4,years,True,False,False,1,
TRAIN00789,train,cvs_pdf/TRAIN00789.pdf,classic_ats,easy,A4,categorised,False,False,False,1,
TRAIN00790,train,cvs_pdf/TRAIN00790.pdf,classic_ats,easy,A4,plain,False,False,True,2,
TRAIN00791,train,cvs_pdf/TRAIN00791.pdf,table_grid,hard,A4,bullets,False,False,False,1,
TRAIN00792,train,cvs_pdf/TRAIN00792.pdf,left_sidebar_dark,hard,letter,plain,False,False,False,1,
TRAIN00793,train,cvs_pdf/TRAIN00793.pdf,compact_boxed,medium,A4,levels,False,False,False,2,
TRAIN00794,train,cvs_pdf/TRAIN00794.pdf,two_column_balanced,hard,A4,bullets,False,False,False,1,
TRAIN00795,train,cvs_pdf/TRAIN00795.pdf,table_grid,hard,A4,plain,False,False,False,1,
TRAIN00796,train,cvs_pdf/TRAIN00796.pdf,europass_style,hard,A4,categorised,False,False,False,1,
TRAIN00797,train,cvs_pdf/TRAIN00797.pdf,table_grid,hard,letter,levels,False,False,False,1,
TRAIN00798,train,cvs_pdf/TRAIN00798.pdf,compact_boxed,medium,letter,plain,False,False,False,1,
TRAIN00799,train,cvs_pdf/TRAIN00799.pdf,table_grid,scanned,letter,plain,False,True,False,1,
TRAIN00800,train,cvs_pdf/TRAIN00800.pdf,classic_ats,easy,A4,table,False,False,False,2,
